C1,N1,C2,C3,N2,C4,C5,N3,C5,C6,N4,C7,N5,C8,C9,N6,C10,N7,C11,C12,LABEL
Z11,6,Z34,Z43,1169,Z65,Z75,4,Z93,Z101,4,Z121,67,Z143,Z152,2,Z173,1,Z192,Z201,1
Z12,48,Z32,Z43,5951,Z61,Z73,2,Z92,Z101,2,Z121,22,Z143,Z152,1,Z173,1,Z191,Z201,2
Z14,12,Z34,Z46,2096,Z61,Z74,2,Z93,Z101,3,Z121,49,Z143,Z152,1,Z172,2,Z191,Z201,1
Z11,42,Z32,Z42,7882,Z61,Z74,2,Z93,Z103,4,Z122,45,Z143,Z153,1,Z173,2,Z191,Z201,1
Z11,24,Z33,Z40,4870,Z61,Z73,3,Z93,Z101,4,Z124,53,Z143,Z153,2,Z173,2,Z191,Z201,2
Z14,36,Z32,Z46,9055,Z65,Z73,2,Z93,Z101,4,Z124,35,Z143,Z153,1,Z172,2,Z192,Z201,1
Z14,24,Z32,Z42,2835,Z63,Z75,3,Z93,Z101,4,Z122,53,Z143,Z152,1,Z173,1,Z191,Z201,1
Z12,36,Z32,Z41,6948,Z61,Z73,2,Z93,Z101,2,Z123,35,Z143,Z151,1,Z174,1,Z192,Z201,1
Z14,12,Z32,Z43,3059,Z64,Z74,2,Z91,Z101,4,Z121,61,Z143,Z152,1,Z172,1,Z191,Z201,1
Z12,30,Z34,Z40,5234,Z61,Z71,4,Z94,Z101,2,Z123,28,Z143,Z152,2,Z174,1,Z191,Z201,2
Z12,12,Z32,Z40,1295,Z61,Z72,3,Z92,Z101,1,Z123,25,Z143,Z151,1,Z173,1,Z191,Z201,2
Z11,48,Z32,Z49,4308,Z61,Z72,3,Z92,Z101,4,Z122,24,Z143,Z151,1,Z173,1,Z191,Z201,2
Z12,12,Z32,Z43,1567,Z61,Z73,1,Z92,Z101,1,Z123,22,Z143,Z152,1,Z173,1,Z192,Z201,1
Z11,24,Z34,Z40,1199,Z61,Z75,4,Z93,Z101,4,Z123,60,Z143,Z152,2,Z172,1,Z191,Z201,2
Z11,15,Z32,Z40,1403,Z61,Z73,2,Z92,Z101,4,Z123,28,Z143,Z151,1,Z173,1,Z191,Z201,1
Z11,24,Z32,Z43,1282,Z62,Z73,4,Z92,Z101,2,Z123,32,Z143,Z152,1,Z172,1,Z191,Z201,2
Z14,24,Z34,Z43,2424,Z65,Z75,4,Z93,Z101,4,Z122,53,Z143,Z152,2,Z173,1,Z191,Z201,1
Z11,30,Z30,Z49,8072,Z65,Z72,2,Z93,Z101,3,Z123,25,Z141,Z152,3,Z173,1,Z191,Z201,1
Z12,24,Z32,Z41,12579,Z61,Z75,4,Z92,Z101,2,Z124,44,Z143,Z153,1,Z174,1,Z192,Z201,2
Z14,24,Z32,Z43,3430,Z63,Z75,3,Z93,Z101,2,Z123,31,Z143,Z152,1,Z173,2,Z192,Z201,1
Z14,9,Z34,Z40,2134,Z61,Z73,4,Z93,Z101,4,Z123,48,Z143,Z152,3,Z173,1,Z192,Z201,1
Z11,6,Z32,Z43,2647,Z63,Z73,2,Z93,Z101,3,Z121,44,Z143,Z151,1,Z173,2,Z191,Z201,1
Z11,10,Z34,Z40,2241,Z61,Z72,1,Z93,Z101,3,Z121,48,Z143,Z151,2,Z172,2,Z191,Z202,1
Z12,12,Z34,Z41,1804,Z62,Z72,3,Z93,Z101,4,Z122,44,Z143,Z152,1,Z173,1,Z191,Z201,1
Z14,10,Z34,Z42,2069,Z65,Z73,2,Z94,Z101,1,Z123,26,Z143,Z152,2,Z173,1,Z191,Z202,1
Z11,6,Z32,Z42,1374,Z61,Z73,1,Z93,Z101,2,Z121,36,Z141,Z152,1,Z172,1,Z192,Z201,1
Z14,6,Z30,Z43,426,Z61,Z75,4,Z94,Z101,4,Z123,39,Z143,Z152,1,Z172,1,Z191,Z201,1
Z13,12,Z31,Z43,409,Z64,Z73,3,Z92,Z101,3,Z121,42,Z143,Z151,2,Z173,1,Z191,Z201,1
Z12,7,Z32,Z43,2415,Z61,Z73,3,Z93,Z103,2,Z121,34,Z143,Z152,1,Z173,1,Z191,Z201,1
Z11,60,Z33,Z49,6836,Z61,Z75,3,Z93,Z101,4,Z124,63,Z143,Z152,2,Z173,1,Z192,Z201,2
Z12,18,Z32,Z49,1913,Z64,Z72,3,Z94,Z101,3,Z121,36,Z141,Z152,1,Z173,1,Z192,Z201,1
Z11,24,Z32,Z42,4020,Z61,Z73,2,Z93,Z101,2,Z123,27,Z142,Z152,1,Z173,1,Z191,Z201,1
Z12,18,Z32,Z40,5866,Z62,Z73,2,Z93,Z101,2,Z123,30,Z143,Z152,2,Z173,1,Z192,Z201,1
Z14,12,Z34,Z49,1264,Z65,Z75,4,Z93,Z101,4,Z124,57,Z143,Z151,1,Z172,1,Z191,Z201,1
Z13,12,Z32,Z42,1474,Z61,Z72,4,Z92,Z101,1,Z122,33,Z141,Z152,1,Z174,1,Z192,Z201,1
Z12,45,Z34,Z43,4746,Z61,Z72,4,Z93,Z101,2,Z122,25,Z143,Z152,2,Z172,1,Z191,Z201,2
Z14,48,Z34,Z46,6110,Z61,Z73,1,Z93,Z101,3,Z124,31,Z141,Z153,1,Z173,1,Z192,Z201,1
Z13,18,Z32,Z43,2100,Z61,Z73,4,Z93,Z102,2,Z121,37,Z142,Z152,1,Z173,1,Z191,Z201,2
Z13,10,Z32,Z44,1225,Z61,Z73,2,Z93,Z101,2,Z123,37,Z143,Z152,1,Z173,1,Z192,Z201,1
Z12,9,Z32,Z43,458,Z61,Z73,4,Z93,Z101,3,Z121,24,Z143,Z152,1,Z173,1,Z191,Z201,1
Z14,30,Z32,Z43,2333,Z63,Z75,4,Z93,Z101,2,Z123,30,Z141,Z152,1,Z174,1,Z191,Z201,1
Z12,12,Z32,Z43,1158,Z63,Z73,3,Z91,Z101,1,Z123,26,Z143,Z152,1,Z173,1,Z192,Z201,1
Z12,18,Z33,Z45,6204,Z61,Z73,2,Z93,Z101,4,Z121,44,Z143,Z152,1,Z172,2,Z192,Z201,1
Z11,30,Z34,Z41,6187,Z62,Z74,1,Z94,Z101,4,Z123,24,Z143,Z151,2,Z173,1,Z191,Z201,1
Z11,48,Z34,Z41,6143,Z61,Z75,4,Z92,Z101,4,Z124,58,Z142,Z153,2,Z172,1,Z191,Z201,2
Z14,11,Z34,Z40,1393,Z61,Z72,4,Z92,Z101,4,Z123,35,Z143,Z152,2,Z174,1,Z191,Z201,1
Z14,36,Z32,Z43,2299,Z63,Z75,4,Z93,Z101,4,Z123,39,Z143,Z152,1,Z173,1,Z191,Z201,1
Z11,6,Z32,Z41,1352,Z63,Z71,1,Z92,Z101,2,Z122,23,Z143,Z151,1,Z171,1,Z192,Z201,1
Z14,11,Z34,Z40,7228,Z61,Z73,1,Z93,Z101,4,Z122,39,Z143,Z152,2,Z172,1,Z191,Z201,1
Z14,12,Z32,Z43,2073,Z62,Z73,4,Z92,Z102,2,Z121,28,Z143,Z152,1,Z173,1,Z191,Z201,1
Z12,24,Z33,Z42,2333,Z65,Z72,4,Z93,Z101,2,Z122,29,Z141,Z152,1,Z172,1,Z191,Z201,1
Z12,27,Z33,Z41,5965,Z61,Z75,1,Z93,Z101,2,Z123,30,Z143,Z152,2,Z174,1,Z192,Z201,1
Z14,12,Z32,Z43,1262,Z61,Z73,3,Z93,Z101,2,Z123,25,Z143,Z152,1,Z173,1,Z191,Z201,1
Z14,18,Z32,Z41,3378,Z65,Z73,2,Z93,Z101,1,Z122,31,Z143,Z152,1,Z173,1,Z192,Z201,1
Z12,36,Z33,Z40,2225,Z61,Z75,4,Z93,Z101,4,Z124,57,Z141,Z153,2,Z173,1,Z192,Z201,2
Z14,6,Z31,Z40,783,Z65,Z73,1,Z93,Z103,2,Z121,26,Z142,Z152,1,Z172,2,Z191,Z201,1
Z12,12,Z32,Z43,6468,Z65,Z71,2,Z93,Z101,1,Z124,52,Z143,Z152,1,Z174,1,Z192,Z201,2
Z14,36,Z34,Z43,9566,Z61,Z73,2,Z92,Z101,2,Z123,31,Z142,Z152,2,Z173,1,Z191,Z201,1
Z13,18,Z32,Z40,1961,Z61,Z75,3,Z92,Z101,2,Z123,23,Z143,Z152,1,Z174,1,Z191,Z201,1
Z11,36,Z34,Z42,6229,Z61,Z72,4,Z92,Z102,4,Z124,23,Z143,Z151,2,Z172,1,Z192,Z201,2
Z12,9,Z32,Z49,1391,Z61,Z73,2,Z94,Z101,1,Z121,27,Z141,Z152,1,Z173,1,Z192,Z201,1
Z12,15,Z34,Z43,1537,Z65,Z75,4,Z93,Z103,4,Z121,50,Z143,Z152,2,Z173,1,Z192,Z201,1
Z12,36,Z30,Z49,1953,Z61,Z75,4,Z93,Z101,4,Z124,61,Z143,Z153,1,Z174,1,Z192,Z201,2
Z12,48,Z30,Z49,14421,Z61,Z73,2,Z93,Z101,2,Z123,25,Z143,Z152,1,Z173,1,Z192,Z201,2
Z14,24,Z32,Z43,3181,Z61,Z72,4,Z92,Z101,4,Z122,26,Z143,Z152,1,Z173,1,Z192,Z201,1
Z14,27,Z32,Z45,5190,Z65,Z75,4,Z93,Z101,4,Z122,48,Z143,Z152,4,Z173,2,Z192,Z201,1
Z14,12,Z32,Z43,2171,Z61,Z72,2,Z92,Z101,2,Z123,29,Z141,Z152,1,Z173,1,Z191,Z201,1
Z12,12,Z32,Z40,1007,Z64,Z73,4,Z94,Z101,1,Z121,22,Z143,Z152,1,Z173,1,Z191,Z201,1
Z14,36,Z32,Z46,1819,Z61,Z73,4,Z93,Z101,4,Z124,37,Z142,Z153,1,Z173,1,Z192,Z201,2
Z14,36,Z32,Z43,2394,Z65,Z73,4,Z92,Z101,4,Z123,25,Z143,Z152,1,Z173,1,Z191,Z201,1
Z14,36,Z32,Z41,8133,Z61,Z73,1,Z92,Z101,2,Z122,30,Z141,Z152,1,Z173,1,Z191,Z201,1
Z14,7,Z34,Z43,730,Z65,Z75,4,Z93,Z101,2,Z122,46,Z143,Z151,2,Z172,1,Z192,Z201,1
Z11,8,Z34,Z410,1164,Z61,Z75,3,Z93,Z101,4,Z124,51,Z141,Z153,2,Z174,2,Z192,Z201,1
Z12,42,Z34,Z49,5954,Z61,Z74,2,Z92,Z101,1,Z121,41,Z141,Z152,2,Z172,1,Z191,Z201,1
Z11,36,Z32,Z46,1977,Z65,Z75,4,Z93,Z101,4,Z124,40,Z143,Z152,1,Z174,1,Z192,Z201,2
Z11,12,Z34,Z41,1526,Z61,Z75,4,Z93,Z101,4,Z124,66,Z143,Z153,2,Z174,1,Z191,Z201,1
Z11,42,Z32,Z43,3965,Z61,Z72,4,Z93,Z101,3,Z123,34,Z143,Z152,1,Z173,1,Z191,Z201,2
Z12,11,Z33,Z43,4771,Z61,Z74,2,Z93,Z101,4,Z122,51,Z143,Z152,1,Z173,1,Z191,Z201,1
Z14,54,Z30,Z41,9436,Z65,Z73,2,Z93,Z101,2,Z122,39,Z143,Z152,1,Z172,2,Z191,Z201,1
Z12,30,Z32,Z42,3832,Z61,Z72,2,Z94,Z101,1,Z122,22,Z143,Z152,1,Z173,1,Z191,Z201,1
Z14,24,Z32,Z43,5943,Z65,Z72,1,Z92,Z101,1,Z123,44,Z143,Z152,2,Z173,1,Z192,Z201,2
Z14,15,Z32,Z43,1213,Z63,Z75,4,Z93,Z101,3,Z122,47,Z142,Z152,1,Z173,1,Z192,Z201,1
Z14,18,Z32,Z49,1568,Z62,Z73,3,Z92,Z101,4,Z122,24,Z143,Z151,1,Z172,1,Z191,Z201,1
Z11,24,Z32,Z410,1755,Z61,Z75,4,Z92,Z103,4,Z121,58,Z143,Z152,1,Z172,1,Z192,Z201,1
Z11,10,Z32,Z43,2315,Z61,Z75,3,Z93,Z101,4,Z121,52,Z143,Z152,1,Z172,1,Z191,Z201,1
Z14,12,Z34,Z49,1412,Z61,Z73,4,Z92,Z103,2,Z121,29,Z143,Z152,2,Z174,1,Z192,Z201,1
Z12,18,Z34,Z42,1295,Z61,Z72,4,Z92,Z101,1,Z122,27,Z143,Z152,2,Z173,1,Z191,Z201,1
Z12,36,Z32,Z46,12612,Z62,Z73,1,Z93,Z101,4,Z124,47,Z143,Z153,1,Z173,2,Z192,Z201,2
Z11,18,Z32,Z40,2249,Z62,Z74,4,Z93,Z101,3,Z123,30,Z143,Z152,1,Z174,2,Z192,Z201,1
Z11,12,Z30,Z45,1108,Z61,Z74,4,Z93,Z101,3,Z121,28,Z143,Z152,2,Z173,1,Z191,Z201,2
Z14,12,Z34,Z43,618,Z61,Z75,4,Z93,Z101,4,Z121,56,Z143,Z152,1,Z173,1,Z191,Z201,1
Z11,12,Z34,Z41,1409,Z61,Z75,4,Z93,Z101,3,Z121,54,Z143,Z152,1,Z173,1,Z191,Z201,1
Z14,12,Z34,Z43,797,Z65,Z75,4,Z92,Z101,3,Z122,33,Z141,Z152,1,Z172,2,Z191,Z201,2
Z13,24,Z34,Z42,3617,Z65,Z75,4,Z93,Z102,4,Z124,20,Z143,Z151,2,Z173,1,Z191,Z201,1
Z12,12,Z32,Z40,1318,Z64,Z75,4,Z93,Z101,4,Z121,54,Z143,Z152,1,Z173,1,Z192,Z201,1
Z12,54,Z30,Z49,15945,Z61,Z72,3,Z93,Z101,4,Z124,58,Z143,Z151,1,Z173,1,Z192,Z201,2
Z14,12,Z34,Z46,2012,Z65,Z74,4,Z92,Z101,2,Z123,61,Z143,Z152,1,Z173,1,Z191,Z201,1
Z12,18,Z32,Z49,2622,Z62,Z73,4,Z93,Z101,4,Z123,34,Z143,Z152,1,Z173,1,Z191,Z201,1
Z12,36,Z34,Z43,2337,Z61,Z75,4,Z93,Z101,4,Z121,36,Z143,Z152,1,Z173,1,Z191,Z201,1
Z12,20,Z33,Z41,7057,Z65,Z74,3,Z93,Z101,4,Z122,36,Z141,Z151,2,Z174,2,Z192,Z201,1
Z14,24,Z32,Z40,1469,Z62,Z75,4,Z94,Z101,4,Z121,41,Z143,Z151,1,Z172,1,Z191,Z201,1
Z12,36,Z32,Z43,2323,Z61,Z74,4,Z93,Z101,4,Z123,24,Z143,Z151,1,Z173,1,Z191,Z201,1
Z14,6,Z33,Z43,932,Z61,Z73,3,Z92,Z101,2,Z121,24,Z143,Z152,1,Z173,1,Z191,Z201,1
Z12,9,Z34,Z42,1919,Z61,Z74,4,Z93,Z101,3,Z123,35,Z143,Z151,1,Z173,1,Z192,Z201,1
Z14,12,Z32,Z41,2445,Z65,Z72,2,Z94,Z101,4,Z123,26,Z143,Z151,1,Z173,1,Z192,Z201,1
Z12,24,Z34,Z410,11938,Z61,Z73,2,Z93,Z102,3,Z123,39,Z143,Z152,2,Z174,2,Z192,Z201,2
Z14,18,Z31,Z40,6458,Z61,Z75,2,Z93,Z101,4,Z124,39,Z141,Z152,2,Z174,2,Z192,Z201,2
Z12,12,Z32,Z40,6078,Z61,Z74,2,Z93,Z101,2,Z123,32,Z143,Z152,1,Z173,1,Z191,Z201,1
Z11,24,Z32,Z42,7721,Z65,Z72,1,Z92,Z101,2,Z122,30,Z143,Z152,1,Z173,1,Z192,Z202,1
Z12,14,Z32,Z49,1410,Z63,Z75,1,Z94,Z101,2,Z121,35,Z143,Z152,1,Z173,1,Z192,Z201,1
Z12,6,Z33,Z49,1449,Z62,Z75,1,Z91,Z101,2,Z123,31,Z141,Z152,2,Z173,2,Z191,Z201,1
Z13,15,Z32,Z46,392,Z61,Z72,4,Z92,Z101,4,Z122,23,Z143,Z151,1,Z173,1,Z192,Z201,1
Z12,18,Z32,Z40,6260,Z61,Z74,3,Z93,Z101,3,Z121,28,Z143,Z151,1,Z172,1,Z191,Z201,1
Z14,36,Z34,Z40,7855,Z61,Z73,4,Z92,Z101,2,Z121,25,Z142,Z152,2,Z173,1,Z192,Z201,2
Z11,12,Z32,Z43,1680,Z63,Z75,3,Z94,Z101,1,Z121,35,Z143,Z152,1,Z173,1,Z191,Z201,1
Z14,48,Z34,Z43,3578,Z65,Z75,4,Z93,Z101,1,Z121,47,Z143,Z152,1,Z173,1,Z192,Z201,1
Z11,42,Z32,Z43,7174,Z65,Z74,4,Z92,Z101,3,Z123,30,Z143,Z152,1,Z174,1,Z192,Z201,2
Z11,10,Z34,Z42,2132,Z65,Z72,2,Z92,Z102,3,Z121,27,Z143,Z151,2,Z173,1,Z191,Z202,1
Z11,33,Z34,Z42,4281,Z63,Z73,1,Z92,Z101,4,Z123,23,Z143,Z152,2,Z173,1,Z191,Z201,2
Z12,12,Z34,Z40,2366,Z63,Z74,3,Z91,Z101,3,Z123,36,Z143,Z152,1,Z174,1,Z192,Z201,1
Z11,21,Z32,Z43,1835,Z61,Z73,3,Z92,Z101,2,Z121,25,Z143,Z152,2,Z173,1,Z192,Z201,2
Z14,24,Z34,Z41,3868,Z61,Z75,4,Z92,Z101,2,Z123,41,Z143,Z151,2,Z174,1,Z192,Z201,1
Z14,12,Z32,Z42,1768,Z61,Z73,3,Z93,Z101,2,Z121,24,Z143,Z151,1,Z172,1,Z191,Z201,1
Z13,10,Z34,Z40,781,Z61,Z75,4,Z93,Z101,4,Z124,63,Z143,Z153,2,Z173,1,Z192,Z201,1
Z12,18,Z32,Z42,1924,Z65,Z72,4,Z92,Z101,3,Z121,27,Z143,Z151,1,Z173,1,Z191,Z201,2
Z11,12,Z34,Z40,2121,Z61,Z73,4,Z93,Z101,2,Z122,30,Z143,Z152,2,Z173,1,Z191,Z201,1
Z11,12,Z32,Z43,701,Z61,Z73,4,Z94,Z101,2,Z121,40,Z143,Z152,1,Z172,1,Z191,Z201,1
Z12,12,Z32,Z45,639,Z61,Z73,4,Z93,Z101,2,Z123,30,Z143,Z152,1,Z173,1,Z191,Z201,2
Z12,12,Z34,Z41,1860,Z61,Z71,4,Z93,Z101,2,Z123,34,Z143,Z152,2,Z174,1,Z192,Z201,1
Z11,12,Z34,Z40,3499,Z61,Z73,3,Z92,Z102,2,Z121,29,Z143,Z152,2,Z173,1,Z191,Z201,2
Z12,48,Z32,Z40,8487,Z65,Z74,1,Z92,Z101,2,Z123,24,Z143,Z152,1,Z173,1,Z191,Z201,1
Z11,36,Z33,Z46,6887,Z61,Z73,4,Z93,Z101,3,Z122,29,Z142,Z152,1,Z173,1,Z192,Z201,2
Z14,15,Z32,Z42,2708,Z61,Z72,2,Z93,Z101,3,Z122,27,Z141,Z152,2,Z172,1,Z191,Z201,1
Z14,18,Z32,Z42,1984,Z61,Z73,4,Z93,Z101,4,Z124,47,Z141,Z153,2,Z173,1,Z191,Z201,1
Z14,60,Z32,Z43,10144,Z62,Z74,2,Z92,Z101,4,Z121,21,Z143,Z152,1,Z173,1,Z192,Z201,1
Z14,12,Z34,Z43,1240,Z65,Z75,4,Z92,Z101,2,Z121,38,Z143,Z152,2,Z173,1,Z192,Z201,1
Z14,27,Z33,Z41,8613,Z64,Z73,2,Z93,Z101,2,Z123,27,Z143,Z152,2,Z173,1,Z191,Z201,1
Z12,12,Z32,Z43,766,Z63,Z73,4,Z93,Z101,3,Z121,66,Z143,Z152,1,Z172,1,Z191,Z201,2
Z12,15,Z34,Z43,2728,Z65,Z74,4,Z93,Z103,2,Z121,35,Z141,Z152,3,Z173,1,Z192,Z201,1
Z13,12,Z32,Z43,1881,Z61,Z73,2,Z92,Z101,2,Z123,44,Z143,Z151,1,Z172,1,Z192,Z201,1
Z13,6,Z32,Z40,709,Z64,Z72,2,Z94,Z101,2,Z121,27,Z143,Z152,1,Z171,1,Z191,Z202,1
Z12,36,Z32,Z43,4795,Z61,Z72,4,Z92,Z101,1,Z124,30,Z143,Z152,1,Z174,1,Z192,Z201,1
Z11,27,Z32,Z43,3416,Z61,Z73,3,Z93,Z101,2,Z123,27,Z143,Z152,1,Z174,1,Z191,Z201,1
Z11,18,Z32,Z42,2462,Z61,Z73,2,Z93,Z101,2,Z123,22,Z143,Z152,1,Z173,1,Z191,Z201,2
Z14,21,Z34,Z42,2288,Z61,Z72,4,Z92,Z101,4,Z122,23,Z143,Z152,1,Z173,1,Z192,Z201,1
Z12,48,Z31,Z49,3566,Z62,Z74,4,Z93,Z101,2,Z123,30,Z143,Z152,1,Z173,1,Z191,Z201,1
Z11,6,Z34,Z40,860,Z61,Z75,1,Z92,Z101,4,Z124,39,Z143,Z152,2,Z173,1,Z192,Z201,1
Z14,12,Z34,Z40,682,Z62,Z74,4,Z92,Z101,3,Z123,51,Z143,Z152,2,Z173,1,Z192,Z201,1
Z11,36,Z34,Z42,5371,Z61,Z73,3,Z93,Z103,2,Z122,28,Z143,Z152,2,Z173,1,Z191,Z201,1
Z14,18,Z34,Z43,1582,Z64,Z75,4,Z93,Z101,4,Z123,46,Z143,Z152,2,Z173,1,Z191,Z201,1
Z14,6,Z32,Z43,1346,Z62,Z75,2,Z93,Z101,4,Z124,42,Z141,Z153,1,Z173,2,Z192,Z201,1
Z14,10,Z32,Z43,1924,Z61,Z73,1,Z93,Z101,4,Z122,38,Z143,Z152,1,Z173,1,Z192,Z202,1
Z13,36,Z32,Z43,5848,Z61,Z73,4,Z93,Z101,1,Z123,24,Z143,Z152,1,Z173,1,Z191,Z201,1
Z12,24,Z34,Z41,7758,Z64,Z75,2,Z92,Z101,4,Z124,29,Z143,Z151,1,Z173,1,Z191,Z201,1
Z12,24,Z33,Z49,6967,Z62,Z74,4,Z93,Z101,4,Z123,36,Z143,Z151,1,Z174,1,Z192,Z201,1
Z11,12,Z32,Z42,1282,Z61,Z73,2,Z92,Z101,4,Z123,20,Z143,Z151,1,Z173,1,Z191,Z201,2
Z11,9,Z34,Z45,1288,Z62,Z75,3,Z93,Z103,4,Z121,48,Z143,Z152,2,Z173,2,Z191,Z202,1
Z11,12,Z31,Z48,339,Z61,Z75,4,Z94,Z101,1,Z123,45,Z141,Z152,1,Z172,1,Z191,Z201,1
Z12,24,Z32,Z40,3512,Z62,Z74,2,Z93,Z101,3,Z123,38,Z141,Z152,2,Z173,1,Z192,Z201,1
Z14,6,Z34,Z43,1898,Z65,Z73,1,Z93,Z101,2,Z121,34,Z143,Z152,2,Z172,2,Z191,Z201,1
Z14,24,Z34,Z43,2872,Z62,Z75,3,Z93,Z101,4,Z121,36,Z143,Z152,1,Z173,2,Z192,Z201,1
Z14,18,Z34,Z40,1055,Z61,Z72,4,Z92,Z101,1,Z122,30,Z143,Z152,2,Z173,1,Z191,Z201,1
Z14,15,Z32,Z44,1262,Z63,Z74,4,Z93,Z101,3,Z122,36,Z143,Z152,2,Z173,1,Z192,Z201,1
Z12,10,Z32,Z40,7308,Z61,Z71,2,Z93,Z101,4,Z124,70,Z141,Z153,1,Z174,1,Z192,Z201,1
Z14,36,Z32,Z40,909,Z63,Z75,4,Z93,Z101,4,Z122,36,Z143,Z152,1,Z173,1,Z191,Z201,1
Z14,6,Z32,Z42,2978,Z63,Z73,1,Z93,Z101,2,Z123,32,Z143,Z152,1,Z173,1,Z192,Z201,1
Z11,18,Z32,Z42,1131,Z61,Z71,4,Z92,Z101,2,Z123,33,Z143,Z152,1,Z173,1,Z191,Z201,2
Z12,11,Z32,Z42,1577,Z64,Z72,4,Z92,Z101,1,Z121,20,Z143,Z152,1,Z173,1,Z191,Z201,1
Z14,24,Z32,Z42,3972,Z61,Z74,2,Z92,Z101,4,Z122,25,Z143,Z151,1,Z173,1,Z192,Z201,1
Z12,24,Z34,Z49,1935,Z61,Z75,4,Z91,Z101,4,Z121,31,Z143,Z152,2,Z173,1,Z192,Z201,2
Z11,15,Z30,Z40,950,Z61,Z75,4,Z93,Z101,3,Z123,33,Z143,Z151,2,Z173,2,Z191,Z201,2
Z14,12,Z32,Z42,763,Z61,Z73,4,Z92,Z101,1,Z121,26,Z143,Z152,1,Z173,1,Z192,Z201,1
Z12,24,Z33,Z42,2064,Z61,Z71,3,Z92,Z101,2,Z122,34,Z143,Z152,1,Z174,1,Z192,Z201,2
Z12,8,Z32,Z43,1414,Z61,Z73,4,Z93,Z103,2,Z121,33,Z143,Z152,1,Z173,1,Z191,Z202,1
Z11,21,Z33,Z46,3414,Z61,Z72,2,Z93,Z101,1,Z122,26,Z143,Z152,2,Z173,1,Z191,Z201,2
Z14,30,Z31,Z41,7485,Z65,Z71,4,Z92,Z101,1,Z121,53,Z141,Z152,1,Z174,1,Z192,Z201,2
Z11,12,Z32,Z42,2577,Z61,Z73,2,Z91,Z101,1,Z123,42,Z143,Z152,1,Z173,1,Z191,Z201,1
Z11,6,Z34,Z43,338,Z63,Z75,4,Z93,Z101,4,Z123,52,Z143,Z152,2,Z173,1,Z191,Z201,1
Z14,12,Z32,Z43,1963,Z61,Z74,4,Z93,Z101,2,Z123,31,Z143,Z151,2,Z174,2,Z192,Z201,1
Z11,21,Z34,Z40,571,Z61,Z75,4,Z93,Z101,4,Z121,65,Z143,Z152,2,Z173,1,Z191,Z201,1
Z14,36,Z33,Z49,9572,Z61,Z72,1,Z91,Z101,1,Z123,28,Z143,Z152,2,Z173,1,Z191,Z201,2
Z12,36,Z33,Z49,4455,Z61,Z73,2,Z91,Z101,2,Z121,30,Z142,Z152,2,Z174,1,Z192,Z201,2
Z11,21,Z31,Z40,1647,Z65,Z73,4,Z93,Z101,2,Z122,40,Z143,Z152,2,Z172,2,Z191,Z201,2
Z14,24,Z34,Z42,3777,Z64,Z73,4,Z93,Z101,4,Z121,50,Z143,Z152,1,Z173,1,Z192,Z201,1
Z12,18,Z34,Z40,884,Z61,Z75,4,Z93,Z101,4,Z123,36,Z141,Z152,1,Z173,2,Z192,Z201,2
Z14,15,Z34,Z43,1360,Z61,Z73,4,Z93,Z101,2,Z122,31,Z143,Z152,2,Z173,1,Z191,Z201,1
Z12,9,Z31,Z41,5129,Z61,Z75,2,Z92,Z101,4,Z124,74,Z141,Z153,1,Z174,2,Z192,Z201,2
Z12,16,Z34,Z40,1175,Z61,Z71,2,Z93,Z101,3,Z123,68,Z143,Z153,3,Z171,1,Z192,Z201,1
Z11,12,Z32,Z43,674,Z62,Z74,4,Z94,Z101,1,Z122,20,Z143,Z152,1,Z173,1,Z191,Z201,2
Z12,18,Z30,Z42,3244,Z61,Z73,1,Z92,Z101,4,Z123,33,Z141,Z152,2,Z173,1,Z192,Z201,1
Z14,24,Z32,Z49,4591,Z64,Z73,2,Z93,Z101,3,Z122,54,Z143,Z152,3,Z174,1,Z192,Z201,2
Z12,48,Z30,Z49,3844,Z62,Z74,4,Z93,Z101,4,Z124,34,Z143,Z153,1,Z172,2,Z191,Z201,2
Z12,27,Z32,Z49,3915,Z61,Z73,4,Z93,Z101,2,Z123,36,Z143,Z152,1,Z173,2,Z192,Z201,2
Z14,6,Z32,Z43,2108,Z61,Z74,2,Z94,Z101,2,Z121,29,Z143,Z151,1,Z173,1,Z191,Z201,1
Z12,45,Z32,Z43,3031,Z62,Z73,4,Z93,Z103,4,Z122,21,Z143,Z151,1,Z173,1,Z191,Z201,2
Z12,9,Z34,Z46,1501,Z61,Z75,2,Z92,Z101,3,Z123,34,Z143,Z152,2,Z174,1,Z192,Z201,2
Z14,6,Z34,Z43,1382,Z61,Z73,1,Z92,Z101,1,Z123,28,Z143,Z152,2,Z173,1,Z192,Z201,1
Z12,12,Z32,Z42,951,Z62,Z72,4,Z92,Z101,4,Z123,27,Z141,Z151,4,Z173,1,Z191,Z201,2
Z12,24,Z32,Z41,2760,Z65,Z75,4,Z93,Z101,4,Z124,36,Z141,Z153,1,Z173,1,Z192,Z201,1
Z12,18,Z33,Z42,4297,Z61,Z75,4,Z91,Z101,3,Z124,40,Z143,Z152,1,Z174,1,Z192,Z201,2
Z14,9,Z34,Z46,936,Z63,Z75,4,Z93,Z101,2,Z123,52,Z143,Z152,2,Z173,1,Z192,Z201,1
Z11,12,Z32,Z40,1168,Z61,Z73,4,Z94,Z101,3,Z121,27,Z143,Z152,1,Z172,1,Z191,Z201,1
Z14,27,Z33,Z49,5117,Z61,Z74,3,Z93,Z101,4,Z123,26,Z143,Z152,2,Z173,1,Z191,Z201,1
Z11,12,Z32,Z48,902,Z61,Z74,4,Z94,Z101,4,Z122,21,Z143,Z151,1,Z173,1,Z191,Z201,2
Z14,12,Z34,Z40,1495,Z61,Z75,4,Z93,Z101,1,Z121,38,Z143,Z152,2,Z172,2,Z191,Z201,1
Z11,30,Z34,Z41,10623,Z61,Z75,3,Z93,Z101,4,Z124,38,Z143,Z153,3,Z174,2,Z192,Z201,1
Z14,12,Z34,Z42,1935,Z61,Z75,4,Z93,Z101,4,Z121,43,Z143,Z152,3,Z173,1,Z192,Z201,1
Z12,12,Z34,Z44,1424,Z61,Z74,4,Z93,Z101,3,Z122,26,Z143,Z152,1,Z173,1,Z191,Z201,1
Z11,24,Z32,Z49,6568,Z61,Z73,2,Z94,Z101,2,Z123,21,Z142,Z152,1,Z172,1,Z191,Z201,1
Z14,12,Z32,Z41,1413,Z64,Z74,3,Z93,Z101,2,Z122,55,Z143,Z152,1,Z173,1,Z191,Z202,1
Z14,9,Z34,Z43,3074,Z65,Z73,1,Z93,Z101,2,Z121,33,Z143,Z152,2,Z173,2,Z191,Z201,1
Z14,36,Z32,Z43,3835,Z65,Z75,2,Z92,Z101,4,Z121,45,Z143,Z152,1,Z172,1,Z192,Z201,1
Z11,27,Z30,Z49,5293,Z61,Z71,2,Z93,Z101,4,Z122,50,Z142,Z152,2,Z173,1,Z192,Z201,2
Z13,30,Z33,Z49,1908,Z61,Z75,4,Z93,Z101,4,Z121,66,Z143,Z152,1,Z174,1,Z192,Z201,2
Z14,36,Z34,Z43,3342,Z65,Z75,4,Z93,Z101,2,Z123,51,Z143,Z152,1,Z173,1,Z192,Z201,1
Z12,6,Z34,Z48,932,Z65,Z74,1,Z92,Z101,3,Z122,39,Z143,Z152,2,Z172,1,Z191,Z201,1
Z11,18,Z30,Z49,3104,Z61,Z74,3,Z93,Z101,1,Z122,31,Z141,Z152,1,Z173,1,Z192,Z201,1
Z13,36,Z32,Z43,3913,Z61,Z73,2,Z93,Z101,2,Z121,23,Z143,Z152,1,Z173,1,Z192,Z201,1
Z11,24,Z32,Z42,3021,Z61,Z73,2,Z91,Z101,2,Z121,24,Z143,Z151,1,Z172,1,Z191,Z201,1
Z14,10,Z32,Z40,1364,Z61,Z73,2,Z92,Z101,4,Z123,64,Z143,Z152,1,Z173,1,Z192,Z201,1
Z12,12,Z32,Z43,625,Z61,Z72,4,Z94,Z103,1,Z121,26,Z141,Z152,1,Z172,1,Z191,Z201,1
Z11,12,Z32,Z46,1200,Z65,Z73,4,Z92,Z101,4,Z122,23,Z141,Z151,1,Z173,1,Z192,Z201,1
Z14,12,Z32,Z43,707,Z61,Z73,4,Z93,Z101,2,Z121,30,Z141,Z152,2,Z173,1,Z191,Z201,1
Z14,24,Z33,Z49,2978,Z65,Z73,4,Z93,Z101,4,Z121,32,Z143,Z152,2,Z173,2,Z192,Z201,1
Z14,15,Z32,Z41,4657,Z61,Z73,3,Z93,Z101,2,Z123,30,Z143,Z152,1,Z173,1,Z192,Z201,1
Z14,36,Z30,Z45,2613,Z61,Z73,4,Z93,Z101,2,Z123,27,Z143,Z152,2,Z173,1,Z191,Z201,1
Z12,48,Z32,Z43,10961,Z64,Z74,1,Z93,Z102,2,Z124,27,Z141,Z152,2,Z173,1,Z192,Z201,2
Z11,12,Z32,Z42,7865,Z61,Z75,4,Z93,Z101,4,Z124,53,Z143,Z153,1,Z174,1,Z192,Z201,2
Z14,9,Z32,Z43,1478,Z61,Z74,4,Z93,Z101,2,Z123,22,Z143,Z152,1,Z173,1,Z191,Z201,2
Z11,24,Z32,Z42,3149,Z61,Z72,4,Z93,Z101,1,Z124,22,Z141,Z153,1,Z173,1,Z191,Z201,1
Z13,36,Z32,Z43,4210,Z61,Z73,4,Z93,Z101,2,Z123,26,Z143,Z152,1,Z173,1,Z191,Z201,2
Z14,9,Z32,Z40,2507,Z63,Z75,2,Z93,Z101,4,Z124,51,Z143,Z153,1,Z172,1,Z191,Z201,1
Z14,12,Z32,Z43,2141,Z62,Z74,3,Z93,Z101,1,Z124,35,Z143,Z152,1,Z173,1,Z191,Z201,1
Z12,18,Z32,Z43,866,Z61,Z73,4,Z94,Z103,2,Z121,25,Z143,Z152,1,Z172,1,Z191,Z201,1
Z14,4,Z34,Z43,1544,Z61,Z74,2,Z93,Z101,1,Z121,42,Z143,Z152,3,Z172,2,Z191,Z201,1
Z11,24,Z32,Z43,1823,Z61,Z71,4,Z93,Z101,2,Z123,30,Z142,Z152,1,Z174,2,Z191,Z201,2
Z12,6,Z32,Z40,14555,Z65,Z71,1,Z93,Z101,2,Z122,23,Z143,Z152,1,Z171,1,Z192,Z201,2
Z12,21,Z32,Z49,2767,Z62,Z75,4,Z91,Z101,2,Z123,61,Z141,Z151,2,Z172,1,Z191,Z201,2
Z14,12,Z34,Z43,1291,Z61,Z73,4,Z92,Z101,2,Z122,35,Z143,Z152,2,Z173,1,Z191,Z201,1
Z11,30,Z32,Z43,2522,Z61,Z75,1,Z93,Z103,3,Z122,39,Z143,Z152,1,Z173,2,Z191,Z201,1
Z11,24,Z32,Z40,915,Z65,Z75,4,Z92,Z101,2,Z123,29,Z141,Z152,1,Z173,1,Z191,Z201,2
Z14,6,Z32,Z43,1595,Z61,Z74,3,Z93,Z101,2,Z122,51,Z143,Z152,1,Z173,2,Z191,Z201,1
Z11,48,Z30,Z41,4605,Z61,Z75,3,Z93,Z101,4,Z124,24,Z143,Z153,2,Z173,2,Z191,Z201,2
Z14,12,Z34,Z49,1185,Z61,Z73,3,Z92,Z101,2,Z121,27,Z143,Z152,2,Z173,1,Z191,Z201,1
Z14,12,Z31,Z48,3447,Z63,Z73,4,Z92,Z101,3,Z121,35,Z143,Z152,1,Z172,2,Z191,Z201,1
Z14,24,Z32,Z49,1258,Z61,Z74,4,Z93,Z101,1,Z121,25,Z143,Z152,1,Z173,1,Z192,Z201,1
Z14,12,Z34,Z43,717,Z61,Z75,4,Z93,Z101,4,Z121,52,Z143,Z152,3,Z173,1,Z191,Z201,1
Z14,6,Z30,Z40,1204,Z62,Z73,4,Z93,Z101,1,Z124,35,Z141,Z151,1,Z173,1,Z191,Z202,1
Z13,24,Z32,Z42,1925,Z61,Z73,2,Z93,Z101,2,Z121,26,Z143,Z152,1,Z173,1,Z191,Z201,1
Z14,18,Z32,Z43,433,Z61,Z71,3,Z92,Z102,4,Z121,22,Z143,Z151,1,Z173,1,Z191,Z201,2
Z11,6,Z34,Z40,666,Z64,Z74,3,Z92,Z101,4,Z121,39,Z143,Z152,2,Z172,1,Z192,Z201,1
Z13,12,Z32,Z42,2251,Z61,Z73,1,Z92,Z101,2,Z123,46,Z143,Z152,1,Z172,1,Z191,Z201,1
Z12,30,Z32,Z40,2150,Z61,Z73,4,Z92,Z103,2,Z124,24,Z141,Z152,1,Z173,1,Z191,Z201,2
Z14,24,Z33,Z42,4151,Z62,Z73,2,Z93,Z101,3,Z122,35,Z143,Z152,2,Z173,1,Z191,Z201,1
Z12,9,Z32,Z42,2030,Z65,Z74,2,Z93,Z101,1,Z123,24,Z143,Z152,1,Z173,1,Z192,Z201,1
Z12,60,Z33,Z43,7418,Z65,Z73,1,Z93,Z101,1,Z121,27,Z143,Z152,1,Z172,1,Z191,Z201,1
Z14,24,Z34,Z43,2684,Z61,Z73,4,Z93,Z101,2,Z121,35,Z143,Z152,2,Z172,1,Z191,Z201,1
Z11,12,Z31,Z43,2149,Z61,Z73,4,Z91,Z101,1,Z124,29,Z143,Z153,1,Z173,1,Z191,Z201,2
Z14,15,Z32,Z41,3812,Z62,Z72,1,Z92,Z101,4,Z123,23,Z143,Z152,1,Z173,1,Z192,Z201,1
Z14,11,Z34,Z43,1154,Z62,Z71,4,Z92,Z101,4,Z121,57,Z143,Z152,3,Z172,1,Z191,Z201,1
Z11,12,Z32,Z42,1657,Z61,Z73,2,Z93,Z101,2,Z121,27,Z143,Z152,1,Z173,1,Z191,Z201,1
Z11,24,Z32,Z43,1603,Z61,Z75,4,Z92,Z101,4,Z123,55,Z143,Z152,1,Z173,1,Z191,Z201,1
Z11,18,Z34,Z40,5302,Z61,Z75,2,Z93,Z101,4,Z124,36,Z143,Z153,3,Z174,1,Z192,Z201,1
Z14,12,Z34,Z46,2748,Z61,Z75,2,Z92,Z101,4,Z124,57,Z141,Z153,3,Z172,1,Z191,Z201,1
Z14,10,Z34,Z40,1231,Z61,Z75,3,Z93,Z101,4,Z121,32,Z143,Z152,2,Z172,2,Z191,Z202,1
Z12,15,Z32,Z43,802,Z61,Z75,4,Z93,Z101,3,Z123,37,Z143,Z152,1,Z173,2,Z191,Z201,2
Z14,36,Z34,Z49,6304,Z65,Z75,4,Z93,Z101,4,Z121,36,Z143,Z152,2,Z173,1,Z191,Z201,1
Z14,24,Z32,Z43,1533,Z61,Z72,4,Z92,Z101,3,Z123,38,Z142,Z152,1,Z173,1,Z192,Z201,1
Z11,14,Z32,Z40,8978,Z61,Z75,1,Z91,Z101,4,Z122,45,Z143,Z152,1,Z174,1,Z192,Z202,2
Z14,24,Z32,Z43,999,Z65,Z75,4,Z93,Z101,2,Z123,25,Z143,Z152,2,Z173,1,Z191,Z201,1
Z14,18,Z32,Z40,2662,Z65,Z74,4,Z93,Z101,3,Z122,32,Z143,Z152,1,Z173,1,Z191,Z202,1
Z14,12,Z34,Z42,1402,Z63,Z74,3,Z92,Z101,4,Z123,37,Z143,Z151,1,Z173,1,Z192,Z201,1
Z12,48,Z31,Z40,12169,Z65,Z71,4,Z93,Z102,4,Z124,36,Z143,Z153,1,Z174,1,Z192,Z201,1
Z12,48,Z32,Z43,3060,Z61,Z74,4,Z93,Z101,4,Z121,28,Z143,Z152,2,Z173,1,Z191,Z201,2
Z11,30,Z32,Z45,11998,Z61,Z72,1,Z91,Z101,1,Z124,34,Z143,Z152,1,Z172,1,Z192,Z201,2
Z14,9,Z32,Z43,2697,Z61,Z73,1,Z93,Z101,2,Z121,32,Z143,Z152,1,Z173,2,Z191,Z201,1
Z14,18,Z34,Z43,2404,Z61,Z73,2,Z92,Z101,2,Z123,26,Z143,Z152,2,Z173,1,Z191,Z201,1
Z11,12,Z32,Z42,1262,Z65,Z75,2,Z91,Z101,4,Z122,49,Z143,Z152,1,Z172,1,Z192,Z201,1
Z14,6,Z32,Z42,4611,Z61,Z72,1,Z92,Z101,4,Z122,32,Z143,Z152,1,Z173,1,Z191,Z201,2
Z14,24,Z32,Z43,1901,Z62,Z73,4,Z93,Z101,4,Z123,29,Z143,Z151,1,Z174,1,Z192,Z201,1
Z14,15,Z34,Z41,3368,Z64,Z75,3,Z93,Z101,4,Z124,23,Z143,Z151,2,Z173,1,Z192,Z201,1
Z14,12,Z32,Z42,1574,Z61,Z73,4,Z93,Z101,2,Z121,50,Z143,Z152,1,Z173,1,Z191,Z201,1
Z13,18,Z31,Z43,1445,Z65,Z74,4,Z93,Z101,4,Z123,49,Z141,Z152,1,Z172,1,Z191,Z201,1
Z14,15,Z34,Z42,1520,Z65,Z75,4,Z93,Z101,4,Z122,63,Z143,Z152,1,Z173,1,Z191,Z201,1
Z12,24,Z34,Z40,3878,Z62,Z72,4,Z91,Z101,2,Z123,37,Z143,Z152,1,Z173,1,Z192,Z201,1
Z11,47,Z32,Z40,10722,Z61,Z72,1,Z92,Z101,1,Z121,35,Z143,Z152,1,Z172,1,Z192,Z201,1
Z11,48,Z32,Z41,4788,Z61,Z74,4,Z93,Z101,3,Z122,26,Z143,Z152,1,Z173,2,Z191,Z201,1
Z12,48,Z33,Z410,7582,Z62,Z71,2,Z93,Z101,4,Z124,31,Z143,Z153,1,Z174,1,Z192,Z201,1
Z12,12,Z32,Z43,1092,Z61,Z73,4,Z92,Z103,4,Z121,49,Z143,Z152,2,Z173,1,Z192,Z201,1
Z11,24,Z33,Z43,1024,Z61,Z72,4,Z94,Z101,4,Z121,48,Z142,Z152,1,Z173,1,Z191,Z201,2
Z14,12,Z32,Z49,1076,Z61,Z73,2,Z94,Z101,2,Z121,26,Z143,Z152,1,Z173,1,Z192,Z202,1
Z12,36,Z32,Z41,9398,Z61,Z72,1,Z94,Z101,4,Z123,28,Z143,Z151,1,Z174,1,Z192,Z201,2
Z11,24,Z34,Z41,6419,Z61,Z75,2,Z92,Z101,4,Z124,44,Z143,Z153,2,Z174,2,Z192,Z201,1
Z13,42,Z34,Z41,4796,Z61,Z75,4,Z93,Z101,4,Z124,56,Z143,Z153,1,Z173,1,Z191,Z201,1
Z14,48,Z34,Z49,7629,Z65,Z75,4,Z91,Z101,2,Z123,46,Z141,Z152,2,Z174,2,Z191,Z201,1
Z12,48,Z32,Z42,9960,Z61,Z72,1,Z92,Z101,2,Z123,26,Z143,Z152,1,Z173,1,Z192,Z201,2
Z14,12,Z32,Z41,4675,Z65,Z72,1,Z92,Z101,4,Z123,20,Z143,Z151,1,Z173,1,Z191,Z201,1
Z14,10,Z32,Z40,1287,Z65,Z75,4,Z93,Z102,2,Z122,45,Z143,Z152,1,Z172,1,Z191,Z202,1
Z14,18,Z32,Z42,2515,Z61,Z73,3,Z93,Z101,4,Z121,43,Z143,Z152,1,Z173,1,Z192,Z201,1
Z12,21,Z34,Z42,2745,Z64,Z74,3,Z93,Z101,2,Z123,32,Z143,Z152,2,Z173,1,Z192,Z201,1
Z14,6,Z32,Z40,672,Z61,Z71,1,Z92,Z101,4,Z121,54,Z143,Z152,1,Z171,1,Z192,Z201,1
Z12,36,Z30,Z43,3804,Z61,Z73,4,Z92,Z101,1,Z123,42,Z143,Z152,1,Z173,1,Z192,Z201,2
Z13,24,Z34,Z40,1344,Z65,Z74,4,Z93,Z101,2,Z121,37,Z141,Z152,2,Z172,2,Z191,Z201,2
Z11,10,Z34,Z40,1038,Z61,Z74,4,Z93,Z102,3,Z122,49,Z143,Z152,2,Z173,1,Z192,Z201,1
Z14,48,Z34,Z40,10127,Z63,Z73,2,Z93,Z101,2,Z124,44,Z141,Z153,1,Z173,1,Z191,Z201,2
Z14,6,Z32,Z42,1543,Z64,Z73,4,Z91,Z101,2,Z121,33,Z143,Z152,1,Z173,1,Z191,Z201,1
Z14,30,Z32,Z41,4811,Z65,Z74,2,Z92,Z101,4,Z122,24,Z142,Z151,1,Z172,1,Z191,Z201,1
Z11,12,Z32,Z43,727,Z62,Z72,4,Z94,Z101,3,Z124,33,Z143,Z152,1,Z172,1,Z192,Z201,2
Z12,8,Z32,Z42,1237,Z61,Z73,3,Z92,Z101,4,Z121,24,Z143,Z152,1,Z173,1,Z191,Z201,2
Z12,9,Z32,Z40,276,Z61,Z73,4,Z94,Z101,4,Z121,22,Z143,Z151,1,Z172,1,Z191,Z201,1
Z12,48,Z32,Z410,5381,Z65,Z71,3,Z93,Z101,4,Z124,40,Z141,Z153,1,Z171,1,Z192,Z201,1
Z14,24,Z32,Z42,5511,Z62,Z73,4,Z93,Z101,1,Z123,25,Z142,Z152,1,Z173,1,Z191,Z201,1
Z13,24,Z32,Z42,3749,Z61,Z72,2,Z92,Z101,4,Z123,26,Z143,Z152,1,Z173,1,Z191,Z201,1
Z12,12,Z32,Z40,685,Z61,Z74,2,Z94,Z101,3,Z123,25,Z141,Z152,1,Z172,1,Z191,Z201,2
Z13,4,Z32,Z40,1494,Z65,Z72,1,Z93,Z101,2,Z121,29,Z143,Z152,1,Z172,2,Z191,Z202,1
Z11,36,Z31,Z42,2746,Z61,Z75,4,Z93,Z101,4,Z123,31,Z141,Z152,1,Z173,1,Z191,Z201,2
Z11,12,Z32,Z42,708,Z61,Z73,2,Z93,Z103,3,Z122,38,Z143,Z152,1,Z172,2,Z191,Z201,1
Z12,24,Z32,Z42,4351,Z65,Z73,1,Z92,Z101,4,Z122,48,Z143,Z152,1,Z172,1,Z192,Z201,1
Z14,12,Z34,Z46,701,Z61,Z73,4,Z93,Z101,2,Z123,32,Z143,Z152,2,Z173,1,Z191,Z201,1
Z11,15,Z33,Z42,3643,Z61,Z75,1,Z92,Z101,4,Z122,27,Z143,Z152,2,Z172,1,Z191,Z201,1
Z12,30,Z34,Z40,4249,Z61,Z71,4,Z94,Z101,2,Z123,28,Z143,Z152,2,Z174,1,Z191,Z201,2
Z11,24,Z32,Z43,1938,Z61,Z72,4,Z91,Z101,3,Z122,32,Z143,Z152,1,Z173,1,Z191,Z201,2
Z11,24,Z32,Z41,2910,Z61,Z74,2,Z93,Z101,1,Z124,34,Z143,Z153,1,Z174,1,Z192,Z201,1
Z11,18,Z32,Z42,2659,Z64,Z73,4,Z93,Z101,2,Z123,28,Z143,Z152,1,Z173,1,Z191,Z201,1
Z14,18,Z34,Z40,1028,Z61,Z73,4,Z92,Z101,3,Z121,36,Z143,Z152,2,Z173,1,Z191,Z201,1
Z11,8,Z34,Z40,3398,Z61,Z74,1,Z93,Z101,4,Z121,39,Z143,Z152,2,Z172,1,Z191,Z202,1
Z14,12,Z34,Z42,5801,Z65,Z75,2,Z93,Z101,4,Z122,49,Z143,Z151,1,Z173,1,Z192,Z201,1
Z14,24,Z32,Z40,1525,Z64,Z74,4,Z92,Z101,3,Z123,34,Z143,Z152,1,Z173,2,Z192,Z201,1
Z13,36,Z32,Z43,4473,Z61,Z75,4,Z93,Z101,2,Z123,31,Z143,Z152,1,Z173,1,Z191,Z201,1
Z12,6,Z32,Z43,1068,Z61,Z75,4,Z93,Z101,4,Z123,28,Z143,Z152,1,Z173,2,Z191,Z201,1
Z11,24,Z34,Z41,6615,Z61,Z71,2,Z93,Z101,4,Z124,75,Z143,Z153,2,Z174,1,Z192,Z201,1
Z14,18,Z34,Z46,1864,Z62,Z73,4,Z92,Z101,2,Z121,30,Z143,Z152,2,Z173,1,Z191,Z201,2
Z12,60,Z32,Z40,7408,Z62,Z72,4,Z92,Z101,2,Z122,24,Z143,Z152,1,Z174,1,Z191,Z201,2
Z14,48,Z34,Z41,11590,Z62,Z73,2,Z92,Z101,4,Z123,24,Z141,Z151,2,Z172,1,Z191,Z201,2
Z11,24,Z30,Z42,4110,Z61,Z75,3,Z93,Z101,4,Z124,23,Z141,Z151,2,Z173,2,Z191,Z201,2
Z11,6,Z34,Z42,3384,Z61,Z73,1,Z91,Z101,4,Z121,44,Z143,Z151,1,Z174,1,Z192,Z201,2
Z12,13,Z32,Z43,2101,Z61,Z72,2,Z92,Z103,4,Z122,23,Z143,Z152,1,Z172,1,Z191,Z201,1
Z11,15,Z32,Z44,1275,Z65,Z73,4,Z92,Z101,2,Z123,24,Z143,Z151,1,Z173,1,Z191,Z201,2
Z11,24,Z32,Z42,4169,Z61,Z73,4,Z93,Z101,4,Z122,28,Z143,Z152,1,Z173,1,Z191,Z201,1
Z12,10,Z32,Z42,1521,Z61,Z73,4,Z91,Z101,2,Z123,31,Z143,Z152,1,Z172,1,Z191,Z201,1
Z12,24,Z34,Z46,5743,Z61,Z72,2,Z92,Z101,4,Z124,24,Z143,Z153,2,Z173,1,Z192,Z201,1
Z11,21,Z32,Z42,3599,Z61,Z74,1,Z92,Z101,4,Z123,26,Z143,Z151,1,Z172,1,Z191,Z201,1
Z12,18,Z32,Z43,3213,Z63,Z72,1,Z94,Z101,3,Z121,25,Z143,Z151,1,Z173,1,Z191,Z201,1
Z12,18,Z32,Z49,4439,Z61,Z75,1,Z93,Z102,1,Z121,33,Z141,Z152,1,Z174,1,Z192,Z201,1
Z13,10,Z32,Z40,3949,Z61,Z72,1,Z93,Z103,1,Z122,37,Z143,Z152,1,Z172,2,Z191,Z201,1
Z14,15,Z34,Z43,1459,Z61,Z73,4,Z92,Z101,2,Z123,43,Z143,Z152,1,Z172,1,Z191,Z201,1
Z12,13,Z34,Z43,882,Z61,Z72,4,Z93,Z103,4,Z121,23,Z143,Z152,2,Z173,1,Z191,Z201,1
Z12,24,Z32,Z43,3758,Z63,Z71,1,Z92,Z101,4,Z124,23,Z143,Z151,1,Z171,1,Z191,Z201,1
Z14,6,Z33,Z49,1743,Z62,Z73,1,Z93,Z101,2,Z121,34,Z143,Z152,2,Z172,1,Z191,Z201,1
Z12,9,Z34,Z46,1136,Z64,Z75,4,Z93,Z101,3,Z124,32,Z143,Z153,2,Z173,2,Z191,Z201,2
Z14,9,Z32,Z44,1236,Z61,Z72,1,Z92,Z101,4,Z121,23,Z143,Z151,1,Z173,1,Z192,Z201,1
Z12,9,Z32,Z42,959,Z61,Z73,1,Z92,Z101,2,Z123,29,Z143,Z152,1,Z173,1,Z191,Z202,2
Z14,18,Z34,Z41,3229,Z65,Z71,2,Z93,Z101,4,Z124,38,Z143,Z152,1,Z174,1,Z192,Z201,1
Z11,12,Z30,Z43,6199,Z61,Z73,4,Z93,Z101,2,Z122,28,Z143,Z151,2,Z173,1,Z192,Z201,2
Z14,10,Z32,Z46,727,Z63,Z75,4,Z93,Z101,4,Z124,46,Z143,Z153,1,Z173,1,Z192,Z201,1
Z12,24,Z32,Z40,1246,Z61,Z72,4,Z93,Z101,2,Z121,23,Z142,Z152,1,Z172,1,Z191,Z201,2
Z14,12,Z34,Z43,2331,Z65,Z75,1,Z93,Z102,4,Z121,49,Z143,Z152,1,Z173,1,Z192,Z201,1
Z14,36,Z33,Z43,4463,Z61,Z73,4,Z93,Z101,2,Z123,26,Z143,Z152,2,Z174,1,Z192,Z201,2
Z14,12,Z32,Z43,776,Z61,Z73,4,Z94,Z101,2,Z121,28,Z143,Z152,1,Z173,1,Z191,Z201,1
Z11,30,Z32,Z42,2406,Z61,Z74,4,Z92,Z101,4,Z121,23,Z143,Z151,1,Z173,1,Z191,Z201,2
Z12,18,Z32,Z46,1239,Z65,Z73,4,Z93,Z101,4,Z124,61,Z143,Z153,1,Z173,1,Z191,Z201,1
Z13,12,Z32,Z43,3399,Z65,Z75,2,Z93,Z101,3,Z123,37,Z143,Z152,1,Z174,1,Z191,Z201,1
Z13,12,Z33,Z40,2247,Z61,Z73,2,Z92,Z101,2,Z123,36,Z142,Z152,2,Z173,1,Z192,Z201,1
Z14,6,Z32,Z42,1766,Z61,Z73,1,Z94,Z101,2,Z122,21,Z143,Z151,1,Z173,1,Z191,Z201,1
Z11,18,Z32,Z42,2473,Z61,Z71,4,Z93,Z101,1,Z123,25,Z143,Z152,1,Z171,1,Z191,Z201,2
Z14,12,Z32,Z49,1542,Z61,Z74,2,Z93,Z101,4,Z123,36,Z143,Z152,1,Z173,1,Z192,Z201,1
Z14,18,Z34,Z41,3850,Z61,Z74,3,Z93,Z101,1,Z123,27,Z143,Z152,2,Z173,1,Z191,Z201,1
Z11,18,Z32,Z42,3650,Z61,Z72,1,Z92,Z101,4,Z123,22,Z143,Z151,1,Z173,1,Z191,Z201,1
Z11,36,Z32,Z42,3446,Z61,Z75,4,Z93,Z101,2,Z123,42,Z143,Z152,1,Z173,2,Z191,Z201,2
Z12,18,Z32,Z42,3001,Z61,Z74,2,Z92,Z101,4,Z121,40,Z143,Z151,1,Z173,1,Z191,Z201,1
Z14,36,Z32,Z40,3079,Z65,Z73,4,Z93,Z101,4,Z121,36,Z143,Z152,1,Z173,1,Z191,Z201,1
Z14,18,Z34,Z43,6070,Z61,Z75,3,Z93,Z101,4,Z123,33,Z143,Z152,2,Z173,1,Z192,Z201,1
Z14,10,Z34,Z42,2146,Z61,Z72,1,Z92,Z101,3,Z121,23,Z143,Z151,2,Z173,1,Z191,Z201,1
Z14,60,Z34,Z40,13756,Z65,Z75,2,Z93,Z101,4,Z124,63,Z141,Z153,1,Z174,1,Z192,Z201,1
Z12,60,Z31,Z410,14782,Z62,Z75,3,Z92,Z101,4,Z124,60,Z141,Z153,2,Z174,1,Z192,Z201,2
Z11,48,Z31,Z49,7685,Z61,Z74,2,Z92,Z103,4,Z123,37,Z143,Z151,1,Z173,1,Z191,Z201,2
Z14,18,Z33,Z43,2320,Z61,Z71,2,Z94,Z101,3,Z121,34,Z143,Z152,2,Z173,1,Z191,Z201,1
Z14,7,Z33,Z43,846,Z65,Z75,3,Z93,Z101,4,Z124,36,Z143,Z153,1,Z173,1,Z191,Z201,1
Z12,36,Z32,Z40,14318,Z61,Z75,4,Z93,Z101,2,Z124,57,Z143,Z153,1,Z174,1,Z192,Z201,2
Z14,6,Z34,Z40,362,Z62,Z73,4,Z92,Z101,4,Z123,52,Z143,Z152,2,Z172,1,Z191,Z201,1
Z11,20,Z32,Z42,2212,Z65,Z74,4,Z93,Z101,4,Z123,39,Z143,Z152,1,Z173,1,Z192,Z201,1
Z12,18,Z32,Z41,12976,Z61,Z71,3,Z92,Z101,4,Z124,38,Z143,Z153,1,Z174,1,Z192,Z201,2
Z14,22,Z32,Z40,1283,Z65,Z74,4,Z92,Z101,4,Z122,25,Z143,Z151,1,Z173,1,Z191,Z201,1
Z13,12,Z32,Z40,1330,Z61,Z72,4,Z93,Z101,1,Z121,26,Z143,Z152,1,Z173,1,Z191,Z201,1
Z14,30,Z33,Z49,4272,Z62,Z73,2,Z93,Z101,2,Z122,26,Z143,Z152,2,Z172,1,Z191,Z201,1
Z14,18,Z34,Z43,2238,Z61,Z73,2,Z92,Z101,1,Z123,25,Z143,Z152,2,Z173,1,Z191,Z201,1
Z14,18,Z32,Z43,1126,Z65,Z72,4,Z92,Z101,2,Z121,21,Z143,Z151,1,Z173,1,Z192,Z201,1
Z12,18,Z34,Z42,7374,Z61,Z71,4,Z93,Z101,4,Z122,40,Z142,Z152,2,Z174,1,Z192,Z201,1
Z12,15,Z34,Z49,2326,Z63,Z73,2,Z93,Z101,4,Z123,27,Z141,Z152,1,Z173,1,Z191,Z201,1
Z14,9,Z32,Z49,1449,Z61,Z74,3,Z92,Z101,2,Z123,27,Z143,Z152,2,Z173,1,Z191,Z201,1
Z14,18,Z32,Z40,1820,Z61,Z73,2,Z94,Z101,2,Z122,30,Z143,Z152,1,Z174,1,Z192,Z201,1
Z12,12,Z32,Z42,983,Z64,Z72,1,Z92,Z101,4,Z121,19,Z143,Z151,1,Z172,1,Z191,Z201,1
Z11,36,Z32,Z40,3249,Z61,Z74,2,Z93,Z101,4,Z124,39,Z141,Z153,1,Z174,2,Z192,Z201,1
Z11,6,Z34,Z43,1957,Z61,Z74,1,Z92,Z101,4,Z123,31,Z143,Z152,1,Z173,1,Z191,Z201,1
Z14,9,Z34,Z42,2406,Z61,Z71,2,Z93,Z101,3,Z123,31,Z143,Z152,1,Z174,1,Z191,Z201,1
Z12,39,Z33,Z46,11760,Z62,Z74,2,Z93,Z101,3,Z124,32,Z143,Z151,1,Z173,1,Z192,Z201,1
Z11,12,Z32,Z42,2578,Z61,Z71,3,Z92,Z101,4,Z124,55,Z143,Z153,1,Z174,1,Z191,Z201,1
Z11,36,Z34,Z42,2348,Z61,Z73,3,Z94,Z101,2,Z122,46,Z143,Z152,2,Z173,1,Z192,Z201,1
Z12,12,Z32,Z40,1223,Z61,Z75,1,Z91,Z101,1,Z121,46,Z143,Z151,2,Z173,1,Z191,Z201,2
Z14,24,Z34,Z43,1516,Z64,Z73,4,Z92,Z101,1,Z121,43,Z143,Z152,2,Z172,1,Z191,Z201,1
Z14,18,Z32,Z43,1473,Z61,Z72,3,Z94,Z101,4,Z121,39,Z143,Z152,1,Z173,1,Z192,Z201,1
Z12,18,Z34,Z49,1887,Z65,Z73,4,Z94,Z101,4,Z121,28,Z141,Z152,2,Z173,1,Z191,Z201,1
Z14,24,Z33,Z49,8648,Z61,Z72,2,Z93,Z101,2,Z123,27,Z141,Z152,2,Z173,1,Z192,Z201,2
Z14,14,Z33,Z40,802,Z61,Z73,4,Z93,Z101,2,Z123,27,Z143,Z152,2,Z172,1,Z191,Z201,1
Z12,18,Z33,Z40,2899,Z65,Z75,4,Z93,Z101,4,Z123,43,Z143,Z152,1,Z173,2,Z191,Z201,1
Z12,24,Z32,Z43,2039,Z61,Z72,1,Z94,Z101,1,Z122,22,Z143,Z152,1,Z173,1,Z192,Z201,2
Z14,24,Z34,Z41,2197,Z65,Z74,4,Z93,Z101,4,Z123,43,Z143,Z152,2,Z173,2,Z192,Z201,1
Z11,15,Z32,Z43,1053,Z61,Z72,4,Z94,Z101,2,Z121,27,Z143,Z152,1,Z173,1,Z191,Z202,1
Z14,24,Z32,Z43,3235,Z63,Z75,3,Z91,Z101,2,Z123,26,Z143,Z152,1,Z174,1,Z192,Z201,1
Z13,12,Z34,Z40,939,Z63,Z74,4,Z94,Z101,2,Z121,28,Z143,Z152,3,Z173,1,Z192,Z201,2
Z12,24,Z32,Z43,1967,Z61,Z75,4,Z92,Z101,4,Z123,20,Z143,Z152,1,Z173,1,Z192,Z201,1
Z14,33,Z34,Z41,7253,Z61,Z74,3,Z93,Z101,2,Z123,35,Z143,Z152,2,Z174,1,Z192,Z201,1
Z14,12,Z34,Z49,2292,Z61,Z71,4,Z93,Z101,2,Z123,42,Z142,Z152,2,Z174,1,Z192,Z201,2
Z14,10,Z32,Z40,1597,Z63,Z73,3,Z93,Z101,2,Z124,40,Z143,Z151,1,Z172,2,Z191,Z202,1
Z11,24,Z32,Z40,1381,Z65,Z73,4,Z92,Z101,2,Z122,35,Z143,Z152,1,Z173,1,Z191,Z201,2
Z14,36,Z34,Z41,5842,Z61,Z75,2,Z93,Z101,2,Z122,35,Z143,Z152,2,Z173,2,Z192,Z201,1
Z11,12,Z32,Z40,2579,Z61,Z72,4,Z93,Z101,1,Z121,33,Z143,Z152,1,Z172,2,Z191,Z201,2
Z11,18,Z33,Z46,8471,Z65,Z73,1,Z92,Z101,2,Z123,23,Z143,Z151,2,Z173,1,Z192,Z201,1
Z14,21,Z32,Z40,2782,Z63,Z74,1,Z92,Z101,2,Z123,31,Z141,Z152,1,Z174,1,Z191,Z201,1
Z12,18,Z32,Z40,1042,Z65,Z73,4,Z92,Z101,2,Z122,33,Z143,Z152,1,Z173,1,Z191,Z201,2
Z14,15,Z32,Z40,3186,Z64,Z74,2,Z92,Z101,3,Z123,20,Z143,Z151,1,Z173,1,Z191,Z201,1
Z12,12,Z32,Z41,2028,Z65,Z73,4,Z93,Z101,2,Z123,30,Z143,Z152,1,Z173,1,Z191,Z201,1
Z12,12,Z34,Z40,958,Z61,Z74,2,Z93,Z101,3,Z121,47,Z143,Z152,2,Z172,2,Z191,Z201,1
Z14,21,Z33,Z42,1591,Z62,Z74,4,Z93,Z101,3,Z121,34,Z143,Z152,2,Z174,1,Z191,Z201,1
Z12,12,Z32,Z42,2762,Z65,Z75,1,Z92,Z101,2,Z122,25,Z141,Z152,1,Z173,1,Z192,Z201,2
Z12,18,Z32,Z41,2779,Z61,Z73,1,Z94,Z101,3,Z123,21,Z143,Z151,1,Z173,1,Z192,Z201,1
Z14,28,Z34,Z43,2743,Z61,Z75,4,Z93,Z101,2,Z123,29,Z143,Z152,2,Z173,1,Z191,Z201,1
Z14,18,Z34,Z43,1149,Z64,Z73,4,Z93,Z101,3,Z121,46,Z143,Z152,2,Z173,1,Z191,Z201,1
Z14,9,Z32,Z42,1313,Z61,Z75,1,Z93,Z101,4,Z123,20,Z143,Z152,1,Z173,1,Z191,Z201,1
Z11,18,Z34,Z45,1190,Z61,Z71,2,Z92,Z101,4,Z124,55,Z143,Z153,3,Z171,2,Z191,Z201,2
Z14,5,Z32,Z49,3448,Z61,Z74,1,Z93,Z101,4,Z121,74,Z143,Z152,1,Z172,1,Z191,Z201,1
Z12,24,Z32,Z410,11328,Z61,Z73,2,Z93,Z102,3,Z123,29,Z141,Z152,2,Z174,1,Z192,Z201,2
Z11,6,Z34,Z42,1872,Z61,Z71,4,Z93,Z101,4,Z124,36,Z143,Z153,3,Z174,1,Z192,Z201,1
Z14,24,Z34,Z45,2058,Z61,Z73,4,Z91,Z101,2,Z121,33,Z143,Z152,2,Z173,1,Z192,Z201,1
Z11,9,Z32,Z42,2136,Z61,Z73,3,Z93,Z101,2,Z121,25,Z143,Z152,1,Z173,1,Z191,Z201,1
Z12,12,Z32,Z43,1484,Z65,Z73,2,Z94,Z101,1,Z121,25,Z143,Z152,1,Z173,1,Z192,Z201,2
Z14,6,Z32,Z45,660,Z63,Z74,2,Z94,Z101,4,Z121,23,Z143,Z151,1,Z172,1,Z191,Z201,1
Z14,24,Z34,Z40,1287,Z64,Z75,4,Z92,Z101,4,Z121,37,Z143,Z152,2,Z173,1,Z192,Z201,1
Z11,42,Z34,Z45,3394,Z61,Z71,4,Z93,Z102,4,Z123,65,Z143,Z152,2,Z171,1,Z191,Z201,1
Z13,12,Z31,Z49,609,Z61,Z72,4,Z92,Z101,1,Z121,26,Z143,Z152,1,Z171,1,Z191,Z201,2
Z14,12,Z32,Z40,1884,Z61,Z75,4,Z93,Z101,4,Z123,39,Z143,Z152,1,Z174,1,Z192,Z201,1
Z11,12,Z32,Z42,1620,Z61,Z73,2,Z92,Z102,3,Z122,30,Z143,Z152,1,Z173,1,Z191,Z201,1
Z12,20,Z33,Z410,2629,Z61,Z73,2,Z93,Z101,3,Z123,29,Z141,Z152,2,Z173,1,Z192,Z201,1
Z14,12,Z32,Z46,719,Z61,Z75,4,Z93,Z101,4,Z123,41,Z141,Z152,1,Z172,2,Z191,Z201,2
Z12,48,Z34,Z42,5096,Z61,Z73,2,Z92,Z101,3,Z123,30,Z143,Z152,1,Z174,1,Z192,Z201,2
Z14,9,Z34,Z46,1244,Z65,Z75,4,Z92,Z101,4,Z122,41,Z143,Z151,2,Z172,1,Z191,Z201,1
Z11,36,Z32,Z40,1842,Z61,Z72,4,Z92,Z101,4,Z123,34,Z143,Z152,1,Z173,1,Z192,Z201,2
Z12,7,Z32,Z43,2576,Z61,Z73,2,Z93,Z103,2,Z121,35,Z143,Z152,1,Z173,1,Z191,Z201,1
Z13,12,Z32,Z42,1424,Z65,Z75,3,Z92,Z101,4,Z121,55,Z143,Z152,1,Z174,1,Z192,Z201,1
Z12,15,Z33,Z45,1512,Z64,Z73,3,Z94,Z101,3,Z122,61,Z142,Z152,2,Z173,1,Z191,Z201,2
Z14,36,Z34,Z41,11054,Z65,Z73,4,Z93,Z101,2,Z123,30,Z143,Z152,1,Z174,1,Z192,Z201,1
Z14,6,Z32,Z43,518,Z61,Z73,3,Z92,Z101,1,Z121,29,Z143,Z152,1,Z173,1,Z191,Z201,1
Z14,12,Z30,Z42,2759,Z61,Z75,2,Z93,Z101,4,Z122,34,Z143,Z152,2,Z173,1,Z191,Z201,1
Z14,24,Z32,Z41,2670,Z61,Z75,4,Z93,Z101,4,Z123,35,Z143,Z152,1,Z174,1,Z192,Z201,1
Z11,24,Z32,Z40,4817,Z61,Z74,2,Z93,Z102,3,Z122,31,Z143,Z152,1,Z173,1,Z192,Z201,2
Z14,24,Z32,Z41,2679,Z61,Z72,4,Z92,Z101,1,Z124,29,Z143,Z152,1,Z174,1,Z192,Z201,1
Z11,11,Z34,Z40,3905,Z61,Z73,2,Z93,Z101,2,Z121,36,Z143,Z151,2,Z173,2,Z191,Z201,1
Z11,12,Z32,Z41,3386,Z61,Z75,3,Z93,Z101,4,Z124,35,Z143,Z153,1,Z173,1,Z192,Z201,2
Z11,6,Z32,Z44,343,Z61,Z72,4,Z92,Z101,1,Z121,27,Z143,Z152,1,Z173,1,Z191,Z201,1
Z14,18,Z32,Z43,4594,Z61,Z72,3,Z93,Z101,2,Z123,32,Z143,Z152,1,Z173,1,Z192,Z201,1
Z11,36,Z32,Z42,3620,Z61,Z73,1,Z93,Z103,2,Z122,37,Z143,Z152,1,Z173,2,Z191,Z201,1
Z11,15,Z32,Z40,1721,Z61,Z72,2,Z93,Z101,3,Z121,36,Z143,Z152,1,Z173,1,Z191,Z201,1
Z12,12,Z32,Z42,3017,Z61,Z72,3,Z92,Z101,1,Z121,34,Z143,Z151,1,Z174,1,Z191,Z201,1
Z12,12,Z32,Z48,754,Z65,Z75,4,Z93,Z101,4,Z122,38,Z143,Z152,2,Z173,1,Z191,Z201,1
Z14,18,Z32,Z49,1950,Z61,Z74,4,Z93,Z101,1,Z123,34,Z142,Z152,2,Z173,1,Z192,Z201,1
Z11,24,Z32,Z41,2924,Z61,Z73,3,Z93,Z103,4,Z124,63,Z141,Z152,1,Z173,2,Z192,Z201,1
Z11,24,Z33,Z43,1659,Z61,Z72,4,Z92,Z101,2,Z123,29,Z143,Z151,1,Z172,1,Z192,Z201,2
Z14,48,Z33,Z43,7238,Z65,Z75,3,Z93,Z101,3,Z123,32,Z141,Z152,2,Z173,2,Z191,Z201,1
Z14,33,Z33,Z49,2764,Z61,Z73,2,Z92,Z101,2,Z123,26,Z143,Z152,2,Z173,1,Z192,Z201,1
Z14,24,Z33,Z41,4679,Z61,Z74,3,Z93,Z101,3,Z123,35,Z143,Z152,2,Z172,1,Z192,Z201,1
Z12,24,Z32,Z43,3092,Z62,Z72,3,Z94,Z101,2,Z123,22,Z143,Z151,1,Z173,1,Z192,Z201,2
Z11,6,Z32,Z46,448,Z61,Z72,4,Z92,Z101,4,Z122,23,Z143,Z152,1,Z173,1,Z191,Z201,2
Z11,9,Z32,Z40,654,Z61,Z73,4,Z93,Z101,3,Z123,28,Z143,Z152,1,Z172,1,Z191,Z201,2
Z14,6,Z32,Z48,1238,Z65,Z71,4,Z93,Z101,4,Z122,36,Z143,Z152,1,Z174,2,Z192,Z201,1
Z12,18,Z34,Z43,1245,Z61,Z73,4,Z94,Z101,2,Z123,33,Z143,Z152,1,Z173,1,Z191,Z201,2
Z11,18,Z30,Z42,3114,Z61,Z72,1,Z92,Z101,4,Z122,26,Z143,Z151,1,Z173,1,Z191,Z201,2
Z14,39,Z32,Z41,2569,Z63,Z73,4,Z93,Z101,4,Z123,24,Z143,Z152,1,Z173,1,Z191,Z201,1
Z13,24,Z32,Z43,5152,Z61,Z74,4,Z93,Z101,2,Z123,25,Z141,Z152,1,Z173,1,Z191,Z201,1
Z12,12,Z32,Z49,1037,Z62,Z74,3,Z93,Z101,4,Z121,39,Z143,Z152,1,Z172,1,Z191,Z201,1
Z11,15,Z34,Z42,1478,Z61,Z75,4,Z93,Z101,4,Z123,44,Z143,Z152,2,Z173,2,Z192,Z201,1
Z12,12,Z34,Z43,3573,Z61,Z73,1,Z92,Z101,1,Z121,23,Z143,Z152,1,Z172,1,Z191,Z201,1
Z12,24,Z32,Z40,1201,Z61,Z72,4,Z93,Z101,1,Z122,26,Z143,Z152,1,Z173,1,Z191,Z201,1
Z11,30,Z32,Z42,3622,Z64,Z75,4,Z92,Z101,4,Z122,57,Z143,Z151,2,Z173,1,Z192,Z201,1
Z14,15,Z33,Z42,960,Z64,Z74,3,Z92,Z101,2,Z122,30,Z143,Z152,2,Z173,1,Z191,Z201,1
Z14,12,Z34,Z40,1163,Z63,Z73,4,Z93,Z101,4,Z121,44,Z143,Z152,1,Z173,1,Z192,Z201,1
Z12,6,Z33,Z40,1209,Z61,Z71,4,Z93,Z101,4,Z122,47,Z143,Z152,1,Z174,1,Z192,Z201,2
Z14,12,Z32,Z43,3077,Z61,Z73,2,Z93,Z101,4,Z123,52,Z143,Z152,1,Z173,1,Z192,Z201,1
Z14,24,Z32,Z40,3757,Z61,Z75,4,Z92,Z102,4,Z124,62,Z143,Z153,1,Z173,1,Z192,Z201,1
Z14,10,Z32,Z40,1418,Z62,Z73,3,Z93,Z101,2,Z121,35,Z143,Z151,1,Z172,1,Z191,Z202,1
Z14,6,Z32,Z40,3518,Z61,Z73,2,Z93,Z103,3,Z122,26,Z143,Z151,1,Z173,1,Z191,Z201,1
Z14,12,Z34,Z43,1934,Z61,Z75,2,Z93,Z101,2,Z124,26,Z143,Z152,2,Z173,1,Z191,Z201,1
Z12,27,Z30,Z49,8318,Z61,Z75,2,Z92,Z101,4,Z124,42,Z143,Z153,2,Z174,1,Z192,Z201,2
Z14,6,Z34,Z43,1237,Z62,Z73,1,Z92,Z101,1,Z122,27,Z143,Z152,2,Z173,1,Z191,Z201,1
Z12,6,Z32,Z43,368,Z65,Z75,4,Z93,Z101,4,Z122,38,Z143,Z152,1,Z173,1,Z191,Z201,1
Z11,12,Z34,Z40,2122,Z61,Z73,3,Z93,Z101,2,Z121,39,Z143,Z151,2,Z172,2,Z191,Z202,1
Z11,24,Z32,Z42,2996,Z65,Z73,2,Z94,Z101,4,Z123,20,Z143,Z152,1,Z173,1,Z191,Z201,2
Z12,36,Z32,Z42,9034,Z62,Z72,4,Z93,Z102,1,Z124,29,Z143,Z151,1,Z174,1,Z192,Z201,2
Z14,24,Z34,Z42,1585,Z61,Z74,4,Z93,Z101,3,Z122,40,Z143,Z152,2,Z173,1,Z191,Z201,1
Z12,18,Z32,Z43,1301,Z61,Z75,4,Z94,Z103,2,Z121,32,Z143,Z152,1,Z172,1,Z191,Z201,1
Z13,6,Z34,Z40,1323,Z62,Z75,2,Z91,Z101,4,Z123,28,Z143,Z152,2,Z173,2,Z192,Z201,1
Z11,24,Z32,Z40,3123,Z61,Z72,4,Z92,Z101,1,Z122,27,Z143,Z152,1,Z173,1,Z191,Z201,2
Z11,36,Z32,Z41,5493,Z61,Z75,2,Z93,Z101,4,Z124,42,Z143,Z153,1,Z173,2,Z191,Z201,1
Z13,9,Z32,Z43,1126,Z62,Z75,2,Z91,Z101,4,Z121,49,Z143,Z152,1,Z173,1,Z191,Z201,1
Z12,24,Z34,Z43,1216,Z62,Z72,4,Z93,Z101,4,Z124,38,Z141,Z152,2,Z173,2,Z191,Z201,2
Z11,24,Z32,Z40,1207,Z61,Z72,4,Z92,Z101,4,Z122,24,Z143,Z151,1,Z173,1,Z191,Z201,2
Z14,10,Z32,Z40,1309,Z65,Z73,4,Z93,Z103,4,Z122,27,Z143,Z152,1,Z172,1,Z191,Z201,2
Z13,15,Z34,Z41,2360,Z63,Z73,2,Z93,Z101,2,Z123,36,Z143,Z152,1,Z173,1,Z192,Z201,1
Z12,15,Z31,Z40,6850,Z62,Z71,1,Z93,Z101,2,Z122,34,Z143,Z152,1,Z174,2,Z192,Z201,2
Z14,24,Z32,Z43,1413,Z61,Z73,4,Z94,Z101,2,Z122,28,Z143,Z152,1,Z173,1,Z191,Z201,1
Z14,39,Z32,Z41,8588,Z62,Z75,4,Z93,Z101,2,Z123,45,Z143,Z152,1,Z174,1,Z192,Z201,1
Z11,12,Z32,Z40,759,Z61,Z74,4,Z93,Z101,2,Z121,26,Z143,Z152,1,Z173,1,Z191,Z201,2
Z14,36,Z32,Z41,4686,Z61,Z73,2,Z93,Z101,2,Z124,32,Z143,Z153,1,Z174,1,Z192,Z201,1
Z13,15,Z32,Z49,2687,Z61,Z74,2,Z93,Z101,4,Z122,26,Z143,Z151,1,Z173,1,Z192,Z201,1
Z12,12,Z33,Z43,585,Z61,Z73,4,Z94,Z102,4,Z121,20,Z143,Z151,2,Z173,1,Z191,Z201,1
Z14,24,Z32,Z40,2255,Z65,Z72,4,Z93,Z101,1,Z122,54,Z143,Z152,1,Z173,1,Z191,Z201,1
Z11,6,Z34,Z40,609,Z61,Z74,4,Z92,Z101,3,Z122,37,Z143,Z152,2,Z173,1,Z191,Z202,1
Z11,6,Z34,Z40,1361,Z61,Z72,2,Z93,Z101,4,Z121,40,Z143,Z152,1,Z172,2,Z191,Z202,1
Z14,36,Z34,Z42,7127,Z61,Z72,2,Z92,Z101,4,Z122,23,Z143,Z151,2,Z173,1,Z192,Z201,2
Z11,6,Z32,Z40,1203,Z62,Z75,3,Z93,Z101,2,Z122,43,Z143,Z152,1,Z173,1,Z192,Z201,1
Z14,6,Z34,Z43,700,Z65,Z75,4,Z93,Z101,4,Z124,36,Z143,Z153,2,Z173,1,Z191,Z201,1
Z14,24,Z34,Z45,5507,Z61,Z75,3,Z93,Z101,4,Z124,44,Z143,Z153,2,Z173,1,Z191,Z201,1
Z11,18,Z32,Z43,3190,Z61,Z73,2,Z92,Z101,2,Z121,24,Z143,Z152,1,Z173,1,Z191,Z201,2
Z11,48,Z30,Z42,7119,Z61,Z73,3,Z93,Z101,4,Z124,53,Z143,Z153,2,Z173,2,Z191,Z201,2
Z14,24,Z32,Z41,3488,Z62,Z74,3,Z92,Z101,4,Z123,23,Z143,Z152,1,Z173,1,Z191,Z201,1
Z12,18,Z32,Z43,1113,Z61,Z73,4,Z92,Z103,4,Z121,26,Z143,Z152,1,Z172,2,Z191,Z201,1
Z12,26,Z32,Z41,7966,Z61,Z72,2,Z93,Z101,3,Z123,30,Z143,Z152,2,Z173,1,Z191,Z201,1
Z14,15,Z34,Z46,1532,Z62,Z73,4,Z92,Z101,3,Z123,31,Z143,Z152,1,Z173,1,Z191,Z201,1
Z14,4,Z34,Z43,1503,Z61,Z74,2,Z93,Z101,1,Z121,42,Z143,Z152,2,Z172,2,Z191,Z201,1
Z11,36,Z32,Z43,2302,Z61,Z73,4,Z91,Z101,4,Z123,31,Z143,Z151,1,Z173,1,Z191,Z201,2
Z11,6,Z32,Z40,662,Z61,Z72,3,Z93,Z101,4,Z121,41,Z143,Z152,1,Z172,2,Z192,Z201,1
Z12,36,Z32,Z46,2273,Z61,Z74,3,Z93,Z101,1,Z123,32,Z143,Z152,2,Z173,2,Z191,Z201,1
Z12,15,Z32,Z40,2631,Z62,Z73,2,Z92,Z101,4,Z123,28,Z143,Z151,2,Z173,1,Z192,Z201,2
Z14,12,Z33,Z41,1503,Z61,Z73,4,Z94,Z101,4,Z121,41,Z143,Z151,1,Z173,1,Z191,Z201,1
Z14,24,Z32,Z43,1311,Z62,Z74,4,Z94,Z101,3,Z122,26,Z143,Z152,1,Z173,1,Z192,Z201,1
Z14,24,Z32,Z43,3105,Z65,Z72,4,Z93,Z101,2,Z123,25,Z143,Z152,2,Z173,1,Z191,Z201,1
Z13,21,Z34,Z46,2319,Z61,Z72,2,Z91,Z101,1,Z123,33,Z143,Z151,1,Z173,1,Z191,Z201,2
Z11,6,Z32,Z40,1374,Z65,Z71,4,Z92,Z101,3,Z122,75,Z143,Z152,1,Z174,1,Z192,Z201,1
Z12,18,Z34,Z42,3612,Z61,Z75,3,Z92,Z101,4,Z122,37,Z143,Z152,1,Z173,1,Z192,Z201,1
Z11,48,Z32,Z40,7763,Z61,Z75,4,Z93,Z101,4,Z124,42,Z141,Z153,1,Z174,1,Z191,Z201,2
Z13,18,Z32,Z42,3049,Z61,Z72,1,Z92,Z101,1,Z122,45,Z142,Z152,1,Z172,1,Z191,Z201,1
Z12,12,Z32,Z43,1534,Z61,Z72,1,Z94,Z101,1,Z121,23,Z143,Z151,1,Z173,1,Z191,Z201,2
Z14,24,Z33,Z40,2032,Z61,Z75,4,Z93,Z101,4,Z124,60,Z143,Z153,2,Z173,1,Z192,Z201,1
Z11,30,Z32,Z42,6350,Z65,Z75,4,Z93,Z101,4,Z122,31,Z143,Z152,1,Z173,1,Z191,Z201,2
Z13,18,Z32,Z42,2864,Z61,Z73,2,Z93,Z101,1,Z121,34,Z143,Z152,1,Z172,2,Z191,Z201,2
Z14,12,Z34,Z40,1255,Z61,Z75,4,Z93,Z101,4,Z121,61,Z143,Z152,2,Z172,1,Z191,Z201,1
Z11,24,Z33,Z40,1333,Z61,Z71,4,Z93,Z101,2,Z121,43,Z143,Z153,2,Z173,2,Z191,Z201,2
Z14,24,Z34,Z40,2022,Z61,Z73,4,Z92,Z101,4,Z123,37,Z143,Z152,1,Z173,1,Z192,Z201,1
Z14,24,Z32,Z43,1552,Z61,Z74,3,Z93,Z101,1,Z123,32,Z141,Z152,1,Z173,2,Z191,Z201,1
Z11,12,Z31,Z43,626,Z61,Z73,4,Z92,Z101,4,Z121,24,Z141,Z152,1,Z172,1,Z191,Z201,2
Z14,48,Z34,Z41,8858,Z65,Z74,2,Z93,Z101,1,Z124,35,Z143,Z153,2,Z173,1,Z192,Z201,1
Z14,12,Z34,Z45,996,Z65,Z74,4,Z92,Z101,4,Z121,23,Z143,Z152,2,Z173,1,Z191,Z201,1
Z14,6,Z31,Z43,1750,Z63,Z75,2,Z93,Z101,4,Z122,45,Z141,Z152,1,Z172,2,Z191,Z201,1
Z11,48,Z32,Z43,6999,Z61,Z74,1,Z94,Z103,1,Z121,34,Z143,Z152,2,Z173,1,Z192,Z201,2
Z12,12,Z34,Z40,1995,Z62,Z72,4,Z93,Z101,1,Z123,27,Z143,Z152,1,Z173,1,Z191,Z201,1
Z12,9,Z32,Z46,1199,Z61,Z74,4,Z92,Z101,4,Z122,67,Z143,Z152,2,Z174,1,Z192,Z201,1
Z12,12,Z32,Z43,1331,Z61,Z72,2,Z93,Z101,1,Z123,22,Z142,Z152,1,Z173,1,Z191,Z201,2
Z12,18,Z30,Z40,2278,Z62,Z72,3,Z92,Z101,3,Z123,28,Z143,Z152,2,Z173,1,Z191,Z201,2
Z14,21,Z30,Z40,5003,Z65,Z73,1,Z92,Z101,4,Z122,29,Z141,Z152,2,Z173,1,Z192,Z201,2
Z11,24,Z31,Z42,3552,Z61,Z74,3,Z93,Z101,4,Z123,27,Z141,Z152,1,Z173,1,Z191,Z201,2
Z12,18,Z34,Z42,1928,Z61,Z72,2,Z93,Z101,2,Z121,31,Z143,Z152,2,Z172,1,Z191,Z201,2
Z11,24,Z32,Z41,2964,Z65,Z75,4,Z93,Z101,4,Z124,49,Z141,Z153,1,Z173,2,Z192,Z201,1
Z11,24,Z31,Z43,1546,Z61,Z74,4,Z93,Z103,4,Z123,24,Z141,Z151,1,Z172,1,Z191,Z201,2
Z13,6,Z33,Z43,683,Z61,Z72,2,Z92,Z101,1,Z122,29,Z141,Z152,1,Z173,1,Z191,Z201,1
Z12,36,Z32,Z40,12389,Z65,Z73,1,Z93,Z101,4,Z124,37,Z143,Z153,1,Z173,1,Z192,Z201,2
Z12,24,Z33,Z49,4712,Z65,Z73,4,Z93,Z101,2,Z122,37,Z141,Z152,2,Z174,1,Z192,Z201,1
Z12,24,Z33,Z43,1553,Z62,Z74,3,Z92,Z101,2,Z122,23,Z143,Z151,2,Z173,1,Z192,Z201,1
Z11,12,Z32,Z40,1372,Z61,Z74,2,Z91,Z101,3,Z123,36,Z143,Z152,1,Z173,1,Z191,Z201,2
Z14,24,Z34,Z43,2578,Z64,Z75,2,Z93,Z101,2,Z123,34,Z143,Z152,1,Z173,1,Z191,Z201,1
Z12,48,Z32,Z43,3979,Z65,Z74,4,Z93,Z101,1,Z123,41,Z143,Z152,2,Z173,2,Z192,Z201,1
Z11,48,Z32,Z43,6758,Z61,Z73,3,Z92,Z101,2,Z123,31,Z143,Z152,1,Z173,1,Z192,Z201,2
Z11,24,Z32,Z42,3234,Z61,Z72,4,Z92,Z101,4,Z121,23,Z143,Z151,1,Z172,1,Z192,Z201,2
Z14,30,Z34,Z43,5954,Z61,Z74,3,Z93,Z102,2,Z123,38,Z143,Z152,1,Z173,1,Z191,Z201,1
Z14,24,Z32,Z41,5433,Z65,Z71,2,Z92,Z101,4,Z122,26,Z143,Z151,1,Z174,1,Z192,Z201,1
Z11,15,Z32,Z49,806,Z61,Z73,4,Z92,Z101,4,Z122,22,Z143,Z152,1,Z172,1,Z191,Z201,1
Z12,9,Z32,Z43,1082,Z61,Z75,4,Z93,Z101,4,Z123,27,Z143,Z152,2,Z172,1,Z191,Z201,1
Z14,15,Z34,Z42,2788,Z61,Z74,2,Z92,Z102,3,Z123,24,Z141,Z152,2,Z173,1,Z191,Z201,1
Z12,12,Z32,Z43,2930,Z61,Z74,2,Z92,Z101,1,Z121,27,Z143,Z152,1,Z173,1,Z191,Z201,1
Z14,24,Z34,Z46,1927,Z65,Z73,3,Z92,Z101,2,Z123,33,Z143,Z152,2,Z173,1,Z192,Z201,1
Z12,36,Z34,Z40,2820,Z61,Z72,4,Z91,Z101,4,Z123,27,Z143,Z152,2,Z173,1,Z191,Z201,2
Z14,24,Z32,Z48,937,Z61,Z72,4,Z94,Z101,3,Z123,27,Z143,Z152,2,Z172,1,Z191,Z201,1
Z12,18,Z34,Z40,1056,Z61,Z75,3,Z93,Z103,3,Z121,30,Z141,Z152,2,Z173,1,Z191,Z201,2
Z12,12,Z34,Z40,3124,Z61,Z72,1,Z93,Z101,3,Z121,49,Z141,Z152,2,Z172,2,Z191,Z201,1
Z14,9,Z32,Z42,1388,Z61,Z73,4,Z92,Z101,2,Z121,26,Z143,Z151,1,Z173,1,Z191,Z201,1
Z12,36,Z32,Z45,2384,Z61,Z72,4,Z93,Z101,1,Z124,33,Z143,Z151,1,Z172,1,Z191,Z201,2
Z14,12,Z32,Z40,2133,Z65,Z75,4,Z92,Z101,4,Z124,52,Z143,Z153,1,Z174,1,Z192,Z201,1
Z11,18,Z32,Z42,2039,Z61,Z73,1,Z92,Z101,4,Z121,20,Z141,Z151,1,Z173,1,Z191,Z201,2
Z11,9,Z34,Z40,2799,Z61,Z73,2,Z93,Z101,2,Z121,36,Z143,Z151,2,Z173,2,Z191,Z201,1
Z11,12,Z32,Z42,1289,Z61,Z73,4,Z93,Z103,1,Z122,21,Z143,Z152,1,Z172,1,Z191,Z201,1
Z11,18,Z32,Z44,1217,Z61,Z73,4,Z94,Z101,3,Z121,47,Z143,Z152,1,Z172,1,Z192,Z201,2
Z11,12,Z34,Z42,2246,Z61,Z75,3,Z93,Z101,3,Z122,60,Z143,Z152,2,Z173,1,Z191,Z201,2
Z11,12,Z34,Z43,385,Z61,Z74,4,Z92,Z101,3,Z121,58,Z143,Z152,4,Z172,1,Z192,Z201,1
Z12,24,Z33,Z40,1965,Z65,Z73,4,Z92,Z101,4,Z123,42,Z143,Z151,2,Z173,1,Z192,Z201,1
Z14,21,Z32,Z49,1572,Z64,Z75,4,Z92,Z101,4,Z121,36,Z141,Z152,1,Z172,1,Z191,Z201,1
Z12,24,Z32,Z40,2718,Z61,Z73,3,Z92,Z101,4,Z122,20,Z143,Z151,1,Z172,1,Z192,Z201,2
Z11,24,Z31,Z410,1358,Z65,Z75,4,Z93,Z101,3,Z123,40,Z142,Z152,1,Z174,1,Z192,Z201,2
Z12,6,Z31,Z40,931,Z62,Z72,1,Z92,Z101,1,Z122,32,Z142,Z152,1,Z172,1,Z191,Z201,2
Z11,24,Z32,Z40,1442,Z61,Z74,4,Z92,Z101,4,Z123,23,Z143,Z151,2,Z173,1,Z191,Z201,2
Z12,24,Z30,Z49,4241,Z61,Z73,1,Z93,Z101,4,Z121,36,Z143,Z152,3,Z172,1,Z192,Z201,2
Z14,18,Z34,Z40,2775,Z61,Z74,2,Z93,Z101,2,Z122,31,Z141,Z152,2,Z173,1,Z191,Z201,2
Z14,24,Z33,Z49,3863,Z61,Z73,1,Z93,Z101,2,Z124,32,Z143,Z153,1,Z173,1,Z191,Z201,1
Z12,7,Z32,Z43,2329,Z61,Z72,1,Z92,Z103,1,Z121,45,Z143,Z152,1,Z173,1,Z191,Z201,1
Z12,9,Z32,Z42,918,Z61,Z73,4,Z92,Z101,1,Z122,30,Z143,Z152,1,Z173,1,Z191,Z201,2
Z12,24,Z31,Z46,1837,Z61,Z74,4,Z92,Z101,4,Z124,34,Z141,Z153,1,Z172,1,Z191,Z201,2
Z14,36,Z32,Z42,3349,Z61,Z73,4,Z92,Z101,2,Z123,28,Z143,Z152,1,Z174,1,Z192,Z201,2
Z13,10,Z32,Z42,1275,Z61,Z72,4,Z92,Z101,2,Z122,23,Z143,Z152,1,Z173,1,Z191,Z201,1
Z11,24,Z31,Z42,2828,Z63,Z73,4,Z93,Z101,4,Z121,22,Z142,Z152,1,Z173,1,Z192,Z201,1
Z14,24,Z34,Z49,4526,Z61,Z73,3,Z93,Z101,2,Z121,74,Z143,Z152,1,Z174,1,Z192,Z201,1
Z12,36,Z32,Z43,2671,Z62,Z73,4,Z92,Z102,4,Z124,50,Z143,Z153,1,Z173,1,Z191,Z201,2
Z14,18,Z32,Z43,2051,Z61,Z72,4,Z93,Z101,1,Z121,33,Z143,Z152,1,Z173,1,Z191,Z201,1
Z14,15,Z32,Z41,1300,Z65,Z75,4,Z93,Z101,4,Z124,45,Z141,Z153,1,Z173,2,Z191,Z201,1
Z11,12,Z32,Z44,741,Z62,Z71,4,Z92,Z101,3,Z122,22,Z143,Z152,1,Z173,1,Z191,Z201,2
Z13,10,Z32,Z40,1240,Z62,Z75,1,Z92,Z101,4,Z124,48,Z143,Z153,1,Z172,2,Z191,Z201,2
Z11,21,Z32,Z43,3357,Z64,Z72,4,Z92,Z101,2,Z123,29,Z141,Z152,1,Z173,1,Z191,Z201,1
Z11,24,Z31,Z41,3632,Z61,Z73,1,Z92,Z103,4,Z123,22,Z141,Z151,1,Z173,1,Z191,Z202,1
Z14,18,Z33,Z42,1808,Z61,Z74,4,Z92,Z101,1,Z121,22,Z143,Z152,1,Z173,1,Z191,Z201,2
Z12,48,Z30,Z49,12204,Z65,Z73,2,Z93,Z101,2,Z123,48,Z141,Z152,1,Z174,1,Z192,Z201,1
Z12,60,Z33,Z43,9157,Z65,Z73,2,Z93,Z101,2,Z124,27,Z143,Z153,1,Z174,1,Z191,Z201,1
Z11,6,Z34,Z40,3676,Z61,Z73,1,Z93,Z101,3,Z121,37,Z143,Z151,3,Z173,2,Z191,Z201,1
Z12,30,Z32,Z42,3441,Z62,Z73,2,Z92,Z102,4,Z123,21,Z143,Z151,1,Z173,1,Z191,Z201,2
Z14,12,Z32,Z40,640,Z61,Z73,4,Z91,Z101,2,Z121,49,Z143,Z152,1,Z172,1,Z191,Z201,1
Z12,21,Z34,Z49,3652,Z61,Z74,2,Z93,Z101,3,Z122,27,Z143,Z152,2,Z173,1,Z191,Z201,1
Z14,18,Z34,Z40,1530,Z61,Z73,3,Z93,Z101,2,Z122,32,Z141,Z152,2,Z173,1,Z191,Z201,2
Z14,48,Z32,Z49,3914,Z65,Z73,4,Z91,Z101,2,Z121,38,Z141,Z152,1,Z173,1,Z191,Z201,2
Z11,12,Z32,Z42,1858,Z61,Z72,4,Z92,Z101,1,Z123,22,Z143,Z151,1,Z173,1,Z191,Z201,1
Z11,18,Z32,Z43,2600,Z61,Z73,4,Z93,Z101,4,Z124,65,Z143,Z153,2,Z173,1,Z191,Z201,2
Z14,15,Z32,Z43,1979,Z65,Z75,4,Z93,Z101,2,Z123,35,Z143,Z152,1,Z173,1,Z191,Z201,1
Z13,6,Z32,Z42,2116,Z61,Z73,2,Z93,Z101,2,Z121,41,Z143,Z152,1,Z173,1,Z192,Z201,1
Z12,9,Z31,Z40,1437,Z62,Z74,2,Z93,Z101,3,Z124,29,Z143,Z152,1,Z173,1,Z191,Z201,2
Z14,42,Z34,Z42,4042,Z63,Z73,4,Z93,Z101,4,Z121,36,Z143,Z152,2,Z173,1,Z192,Z201,1
Z14,9,Z32,Z46,3832,Z65,Z75,1,Z93,Z101,4,Z121,64,Z143,Z152,1,Z172,1,Z191,Z201,1
Z11,24,Z32,Z43,3660,Z61,Z73,2,Z92,Z101,4,Z123,28,Z143,Z152,1,Z173,1,Z191,Z201,1
Z11,18,Z31,Z42,1553,Z61,Z73,4,Z93,Z101,3,Z123,44,Z141,Z152,1,Z173,1,Z191,Z201,2
Z12,15,Z32,Z43,1444,Z65,Z72,4,Z93,Z101,1,Z122,23,Z143,Z152,1,Z173,1,Z191,Z201,1
Z14,9,Z32,Z42,1980,Z61,Z72,2,Z92,Z102,2,Z123,19,Z143,Z151,2,Z173,1,Z191,Z201,2
Z12,24,Z32,Z40,1355,Z61,Z72,3,Z92,Z101,4,Z123,25,Z143,Z152,1,Z172,1,Z192,Z201,2
Z14,12,Z32,Z46,1393,Z61,Z75,4,Z93,Z101,4,Z122,47,Z141,Z152,3,Z173,2,Z192,Z201,1
Z14,24,Z32,Z43,1376,Z63,Z74,4,Z92,Z101,1,Z123,28,Z143,Z152,1,Z173,1,Z191,Z201,1
Z14,60,Z33,Z43,15653,Z61,Z74,2,Z93,Z101,4,Z123,21,Z143,Z152,2,Z173,1,Z192,Z201,1
Z14,12,Z32,Z43,1493,Z61,Z72,4,Z92,Z101,3,Z123,34,Z143,Z152,1,Z173,2,Z191,Z201,1
Z11,42,Z33,Z43,4370,Z61,Z74,3,Z93,Z101,2,Z122,26,Z141,Z152,2,Z173,2,Z192,Z201,2
Z11,18,Z32,Z46,750,Z61,Z71,4,Z92,Z101,1,Z121,27,Z143,Z152,1,Z171,1,Z191,Z201,2
Z12,15,Z32,Z45,1308,Z61,Z75,4,Z93,Z101,4,Z123,38,Z143,Z152,2,Z172,1,Z191,Z201,1
Z14,15,Z32,Z46,4623,Z62,Z73,3,Z93,Z101,2,Z122,40,Z143,Z152,1,Z174,1,Z192,Z201,2
Z14,24,Z34,Z43,1851,Z61,Z74,4,Z94,Z103,2,Z123,33,Z143,Z152,2,Z173,1,Z192,Z201,1
Z11,18,Z34,Z43,1880,Z61,Z74,4,Z94,Z101,1,Z122,32,Z143,Z152,2,Z174,1,Z192,Z201,1
Z14,36,Z33,Z49,7980,Z65,Z72,4,Z93,Z101,4,Z123,27,Z143,Z151,2,Z173,1,Z192,Z201,2
Z11,30,Z30,Z42,4583,Z61,Z73,2,Z91,Z103,2,Z121,32,Z143,Z152,2,Z173,1,Z191,Z201,1
Z14,12,Z32,Z40,1386,Z63,Z73,2,Z92,Z101,2,Z122,26,Z143,Z152,1,Z173,1,Z191,Z201,2
Z13,24,Z32,Z40,947,Z61,Z74,4,Z93,Z101,3,Z124,38,Z141,Z153,1,Z173,2,Z191,Z201,2
Z11,12,Z32,Z46,684,Z61,Z73,4,Z93,Z101,4,Z123,40,Z143,Z151,1,Z172,2,Z191,Z201,2
Z11,48,Z32,Z46,7476,Z61,Z74,4,Z93,Z101,1,Z124,50,Z143,Z153,1,Z174,1,Z192,Z201,1
Z12,12,Z32,Z42,1922,Z61,Z73,4,Z93,Z101,2,Z122,37,Z143,Z152,1,Z172,1,Z191,Z201,2
Z11,24,Z32,Z40,2303,Z61,Z75,4,Z93,Z102,1,Z121,45,Z143,Z152,1,Z173,1,Z191,Z201,2
Z12,36,Z33,Z40,8086,Z62,Z75,2,Z93,Z101,4,Z123,42,Z143,Z152,4,Z174,1,Z192,Z201,2
Z14,24,Z34,Z41,2346,Z61,Z74,4,Z93,Z101,3,Z123,35,Z143,Z152,2,Z173,1,Z192,Z201,1
Z11,14,Z32,Z40,3973,Z61,Z71,1,Z93,Z101,4,Z124,22,Z143,Z153,1,Z173,1,Z191,Z201,1
Z12,12,Z32,Z40,888,Z61,Z75,4,Z93,Z101,4,Z123,41,Z141,Z152,1,Z172,2,Z191,Z201,2
Z14,48,Z32,Z43,10222,Z65,Z74,4,Z93,Z101,3,Z123,37,Z142,Z152,1,Z173,1,Z192,Z201,1
Z12,30,Z30,Z49,4221,Z61,Z73,2,Z92,Z101,1,Z123,28,Z143,Z152,2,Z173,1,Z191,Z201,1
Z12,18,Z34,Z42,6361,Z61,Z75,2,Z93,Z101,1,Z124,41,Z143,Z152,1,Z173,1,Z192,Z201,1
Z13,12,Z32,Z43,1297,Z61,Z73,3,Z94,Z101,4,Z121,23,Z143,Z151,1,Z173,1,Z191,Z201,1
Z11,12,Z32,Z40,900,Z65,Z73,4,Z94,Z101,2,Z123,23,Z143,Z152,1,Z173,1,Z191,Z201,2
Z14,21,Z32,Z42,2241,Z61,Z75,4,Z93,Z101,2,Z121,50,Z143,Z152,2,Z173,1,Z191,Z201,1
Z12,6,Z33,Z42,1050,Z61,Z71,4,Z93,Z101,1,Z122,35,Z142,Z152,2,Z174,1,Z192,Z201,1
Z13,6,Z34,Z46,1047,Z61,Z73,2,Z92,Z101,4,Z122,50,Z143,Z152,1,Z172,1,Z191,Z201,1
Z14,24,Z34,Z410,6314,Z61,Z71,4,Z93,Z102,2,Z124,27,Z141,Z152,2,Z174,1,Z192,Z201,1
Z12,30,Z31,Z42,3496,Z64,Z73,4,Z93,Z101,2,Z123,34,Z142,Z152,1,Z173,2,Z192,Z201,1
Z14,48,Z31,Z49,3609,Z61,Z73,1,Z92,Z101,1,Z121,27,Z142,Z152,1,Z173,1,Z191,Z201,1
Z11,12,Z34,Z40,4843,Z61,Z75,3,Z93,Z102,4,Z122,43,Z143,Z151,2,Z173,1,Z192,Z201,2
Z13,30,Z34,Z43,3017,Z61,Z75,4,Z93,Z101,4,Z122,47,Z143,Z152,1,Z173,1,Z191,Z201,1
Z14,24,Z34,Z49,4139,Z62,Z73,3,Z93,Z101,3,Z122,27,Z143,Z152,2,Z172,1,Z192,Z201,1
Z14,36,Z32,Z49,5742,Z62,Z74,2,Z93,Z101,2,Z123,31,Z143,Z152,2,Z173,1,Z192,Z201,1
Z14,60,Z32,Z40,10366,Z61,Z75,2,Z93,Z101,4,Z122,42,Z143,Z152,1,Z174,1,Z192,Z201,1
Z14,6,Z34,Z40,2080,Z63,Z73,1,Z94,Z101,2,Z123,24,Z143,Z152,1,Z173,1,Z191,Z201,1
Z14,21,Z33,Z49,2580,Z63,Z72,4,Z93,Z101,2,Z121,41,Z141,Z152,1,Z172,2,Z191,Z201,2
Z14,30,Z34,Z43,4530,Z61,Z74,4,Z92,Z101,4,Z123,26,Z143,Z151,1,Z174,1,Z192,Z201,1
Z14,24,Z34,Z42,5150,Z61,Z75,4,Z93,Z101,4,Z123,33,Z143,Z152,1,Z173,1,Z192,Z201,1
Z12,72,Z32,Z43,5595,Z62,Z73,2,Z94,Z101,2,Z123,24,Z143,Z152,1,Z173,1,Z191,Z201,2
Z11,24,Z32,Z43,2384,Z61,Z75,4,Z93,Z101,4,Z121,64,Z141,Z151,1,Z172,1,Z191,Z201,1
Z14,18,Z32,Z43,1453,Z61,Z72,3,Z92,Z101,1,Z121,26,Z143,Z152,1,Z173,1,Z191,Z201,1
Z14,6,Z32,Z46,1538,Z61,Z72,1,Z92,Z101,2,Z124,56,Z143,Z152,1,Z173,1,Z191,Z201,1
Z14,12,Z32,Z43,2279,Z65,Z73,4,Z93,Z101,4,Z124,37,Z143,Z153,1,Z173,1,Z192,Z201,1
Z14,15,Z33,Z43,1478,Z61,Z73,4,Z94,Z101,3,Z121,33,Z141,Z152,2,Z173,1,Z191,Z201,1
Z14,24,Z34,Z43,5103,Z61,Z72,3,Z94,Z101,3,Z124,47,Z143,Z153,3,Z173,1,Z192,Z201,1
Z12,36,Z33,Z49,9857,Z62,Z74,1,Z93,Z101,3,Z122,31,Z143,Z152,2,Z172,2,Z192,Z201,1
Z14,60,Z32,Z40,6527,Z65,Z73,4,Z93,Z101,4,Z124,34,Z143,Z153,1,Z173,2,Z192,Z201,1
Z13,10,Z34,Z43,1347,Z65,Z74,4,Z93,Z101,2,Z122,27,Z143,Z152,2,Z173,1,Z192,Z201,1
Z12,36,Z33,Z40,2862,Z62,Z75,4,Z93,Z101,3,Z124,30,Z143,Z153,1,Z173,1,Z191,Z201,1
Z14,9,Z32,Z43,2753,Z62,Z75,3,Z93,Z102,4,Z123,35,Z143,Z152,1,Z173,1,Z192,Z201,1
Z11,12,Z32,Z40,3651,Z64,Z73,1,Z93,Z101,3,Z122,31,Z143,Z152,1,Z173,2,Z191,Z201,1
Z11,15,Z34,Z42,975,Z61,Z73,2,Z91,Z101,3,Z122,25,Z143,Z152,2,Z173,1,Z191,Z201,1
Z12,15,Z32,Z45,2631,Z62,Z73,3,Z92,Z101,2,Z121,25,Z143,Z152,1,Z172,1,Z191,Z201,1
Z12,24,Z32,Z43,2896,Z62,Z72,2,Z93,Z101,1,Z123,29,Z143,Z152,1,Z173,1,Z191,Z201,1
Z11,6,Z34,Z40,4716,Z65,Z72,1,Z93,Z101,3,Z121,44,Z143,Z152,2,Z172,2,Z191,Z201,1
Z14,24,Z32,Z43,2284,Z61,Z74,4,Z93,Z101,2,Z123,28,Z143,Z152,1,Z173,1,Z192,Z201,1
Z14,6,Z32,Z41,1236,Z63,Z73,2,Z93,Z101,4,Z122,50,Z143,Z151,1,Z173,1,Z191,Z201,1
Z12,12,Z32,Z43,1103,Z61,Z74,4,Z93,Z103,3,Z121,29,Z143,Z152,2,Z173,1,Z191,Z202,1
Z14,12,Z34,Z40,926,Z61,Z71,1,Z92,Z101,2,Z122,38,Z143,Z152,1,Z171,1,Z191,Z201,1
Z14,18,Z34,Z43,1800,Z61,Z73,4,Z93,Z101,2,Z123,24,Z143,Z152,2,Z173,1,Z191,Z201,1
Z13,15,Z32,Z46,1905,Z61,Z75,4,Z93,Z101,4,Z123,40,Z143,Z151,1,Z174,1,Z192,Z201,1
Z14,12,Z32,Z42,1123,Z63,Z73,4,Z92,Z101,4,Z123,29,Z143,Z151,1,Z172,1,Z191,Z201,2
Z11,48,Z34,Z41,6331,Z61,Z75,4,Z93,Z101,4,Z124,46,Z143,Z153,2,Z173,1,Z192,Z201,2
Z13,24,Z32,Z43,1377,Z62,Z75,4,Z92,Z101,2,Z124,47,Z143,Z153,1,Z173,1,Z192,Z201,1
Z12,30,Z33,Z49,2503,Z62,Z75,4,Z93,Z101,2,Z122,41,Z142,Z152,2,Z173,1,Z191,Z201,1
Z12,27,Z32,Z49,2528,Z61,Z72,4,Z92,Z101,1,Z122,32,Z143,Z152,1,Z173,2,Z192,Z201,1
Z14,15,Z32,Z40,5324,Z63,Z75,1,Z92,Z101,4,Z124,35,Z143,Z153,1,Z173,1,Z191,Z201,1
Z12,48,Z32,Z40,6560,Z62,Z74,3,Z93,Z101,2,Z122,24,Z143,Z152,1,Z173,1,Z191,Z201,2
Z12,12,Z30,Z42,2969,Z61,Z72,4,Z92,Z101,3,Z122,25,Z143,Z151,2,Z173,1,Z191,Z201,2
Z12,9,Z32,Z43,1206,Z61,Z75,4,Z92,Z101,4,Z121,25,Z143,Z152,1,Z173,1,Z191,Z201,1
Z12,9,Z32,Z43,2118,Z61,Z73,2,Z93,Z101,2,Z121,37,Z143,Z152,1,Z172,2,Z191,Z201,1
Z14,18,Z34,Z43,629,Z63,Z75,4,Z93,Z101,3,Z122,32,Z141,Z152,2,Z174,1,Z192,Z201,1
Z11,6,Z31,Z46,1198,Z61,Z75,4,Z92,Z101,4,Z124,35,Z143,Z153,1,Z173,1,Z191,Z201,2
Z14,21,Z32,Z41,2476,Z65,Z75,4,Z93,Z101,4,Z121,46,Z143,Z152,1,Z174,1,Z192,Z201,1
Z11,9,Z34,Z43,1138,Z61,Z73,4,Z93,Z101,4,Z121,25,Z143,Z152,2,Z172,1,Z191,Z201,1
Z12,60,Z32,Z40,14027,Z61,Z74,4,Z93,Z101,2,Z124,27,Z143,Z152,1,Z174,1,Z192,Z201,2
Z14,30,Z34,Z41,7596,Z65,Z75,1,Z93,Z101,4,Z123,63,Z143,Z152,2,Z173,1,Z191,Z201,1
Z14,30,Z34,Z43,3077,Z65,Z75,3,Z93,Z101,2,Z123,40,Z143,Z152,2,Z173,2,Z192,Z201,1
Z14,18,Z32,Z43,1505,Z61,Z73,4,Z93,Z101,2,Z124,32,Z143,Z153,1,Z174,1,Z192,Z201,1
Z13,24,Z34,Z43,3148,Z65,Z73,3,Z93,Z101,2,Z123,31,Z143,Z152,2,Z173,1,Z192,Z201,1
Z12,20,Z30,Z41,6148,Z62,Z75,3,Z94,Z101,4,Z123,31,Z141,Z152,2,Z173,1,Z192,Z201,1
Z13,9,Z30,Z43,1337,Z61,Z72,4,Z93,Z101,2,Z123,34,Z143,Z152,2,Z174,1,Z192,Z201,2
Z12,6,Z31,Z46,433,Z64,Z72,4,Z92,Z101,2,Z122,24,Z141,Z151,1,Z173,2,Z191,Z201,2
Z11,12,Z32,Z40,1228,Z61,Z73,4,Z92,Z101,2,Z121,24,Z143,Z152,1,Z172,1,Z191,Z201,2
Z12,9,Z32,Z43,790,Z63,Z73,4,Z92,Z101,3,Z121,66,Z143,Z152,1,Z172,1,Z191,Z201,1
Z14,27,Z32,Z40,2570,Z61,Z73,3,Z92,Z101,3,Z121,21,Z143,Z151,1,Z173,1,Z191,Z201,2
Z14,6,Z34,Z40,250,Z64,Z73,2,Z92,Z101,2,Z121,41,Z141,Z152,2,Z172,1,Z191,Z201,1
Z14,15,Z34,Z43,1316,Z63,Z73,2,Z94,Z101,2,Z122,47,Z143,Z152,2,Z172,1,Z191,Z201,1
Z11,18,Z32,Z43,1882,Z61,Z73,4,Z92,Z101,4,Z123,25,Z141,Z151,2,Z173,1,Z191,Z201,2
Z12,48,Z31,Z49,6416,Z61,Z75,4,Z92,Z101,3,Z124,59,Z143,Z151,1,Z173,1,Z191,Z201,2
Z13,24,Z34,Z49,1275,Z64,Z73,2,Z91,Z101,4,Z121,36,Z143,Z152,2,Z173,1,Z192,Z201,1
Z12,24,Z33,Z43,6403,Z61,Z72,1,Z93,Z101,2,Z123,33,Z143,Z152,1,Z173,1,Z191,Z201,1
Z11,24,Z32,Z43,1987,Z61,Z73,2,Z93,Z101,4,Z121,21,Z143,Z151,1,Z172,2,Z191,Z201,2
Z12,8,Z32,Z43,760,Z61,Z74,4,Z92,Z103,2,Z121,44,Z143,Z152,1,Z172,1,Z191,Z201,1
Z14,24,Z32,Z41,2603,Z64,Z73,2,Z92,Z101,4,Z123,28,Z143,Z151,1,Z173,1,Z192,Z201,1
Z14,4,Z34,Z40,3380,Z61,Z74,1,Z92,Z101,1,Z121,37,Z143,Z152,1,Z173,2,Z191,Z201,1
Z12,36,Z31,Z44,3990,Z65,Z72,3,Z92,Z101,2,Z124,29,Z141,Z152,1,Z171,1,Z191,Z201,1
Z12,24,Z32,Z41,11560,Z61,Z73,1,Z92,Z101,4,Z123,23,Z143,Z151,2,Z174,1,Z191,Z201,2
Z11,18,Z32,Z40,4380,Z62,Z73,3,Z93,Z101,4,Z123,35,Z143,Z152,1,Z172,2,Z192,Z201,1
Z14,6,Z34,Z40,6761,Z61,Z74,1,Z93,Z101,3,Z124,45,Z143,Z152,2,Z174,2,Z192,Z201,1
Z12,30,Z30,Z49,4280,Z62,Z73,4,Z92,Z101,4,Z123,26,Z143,Z151,2,Z172,1,Z191,Z201,2
Z11,24,Z31,Z40,2325,Z62,Z74,2,Z93,Z101,3,Z123,32,Z141,Z152,1,Z173,1,Z191,Z201,1
Z12,10,Z31,Z43,1048,Z61,Z73,4,Z93,Z101,4,Z121,23,Z142,Z152,1,Z172,1,Z191,Z201,1
Z14,21,Z32,Z43,3160,Z65,Z75,4,Z93,Z101,3,Z122,41,Z143,Z152,1,Z173,1,Z192,Z201,1
Z11,24,Z31,Z42,2483,Z63,Z73,4,Z93,Z101,4,Z121,22,Z142,Z152,1,Z173,1,Z192,Z201,1
Z11,39,Z34,Z42,14179,Z65,Z74,4,Z93,Z101,4,Z122,30,Z143,Z152,2,Z174,1,Z192,Z201,1
Z11,13,Z34,Z49,1797,Z61,Z72,3,Z93,Z101,1,Z122,28,Z141,Z152,2,Z172,1,Z191,Z201,1
Z11,15,Z32,Z40,2511,Z61,Z71,1,Z92,Z101,4,Z123,23,Z143,Z151,1,Z173,1,Z191,Z201,1
Z11,12,Z32,Z40,1274,Z61,Z72,3,Z92,Z101,1,Z121,37,Z143,Z152,1,Z172,1,Z191,Z201,2
Z14,21,Z32,Z41,5248,Z65,Z73,1,Z93,Z101,3,Z123,26,Z143,Z152,1,Z173,1,Z191,Z201,1
Z14,15,Z32,Z41,3029,Z61,Z74,2,Z93,Z101,2,Z123,33,Z143,Z152,1,Z173,1,Z191,Z201,1
Z11,6,Z32,Z42,428,Z61,Z75,2,Z92,Z101,1,Z122,49,Z141,Z152,1,Z173,1,Z192,Z201,1
Z11,18,Z32,Z40,976,Z61,Z72,1,Z92,Z101,2,Z123,23,Z143,Z152,1,Z172,1,Z191,Z201,2
Z12,12,Z32,Z49,841,Z62,Z74,2,Z92,Z101,4,Z121,23,Z143,Z151,1,Z172,1,Z191,Z201,1
Z14,30,Z34,Z43,5771,Z61,Z74,4,Z92,Z101,2,Z123,25,Z143,Z152,2,Z173,1,Z191,Z201,1
Z14,12,Z33,Z45,1555,Z64,Z75,4,Z93,Z101,4,Z124,55,Z143,Z153,2,Z173,2,Z191,Z201,2
Z11,24,Z32,Z40,1285,Z65,Z74,4,Z92,Z101,4,Z124,32,Z143,Z151,1,Z173,1,Z191,Z201,2
Z13,6,Z34,Z40,1299,Z61,Z73,1,Z93,Z101,1,Z121,74,Z143,Z152,3,Z171,2,Z191,Z202,1
Z13,15,Z34,Z43,1271,Z65,Z73,3,Z93,Z101,4,Z124,39,Z143,Z153,2,Z173,1,Z192,Z201,2
Z14,24,Z32,Z40,1393,Z61,Z73,2,Z93,Z103,2,Z121,31,Z143,Z152,1,Z173,1,Z192,Z201,1
Z11,12,Z34,Z40,691,Z61,Z75,4,Z93,Z101,3,Z122,35,Z143,Z152,2,Z173,1,Z191,Z201,2
Z14,15,Z34,Z40,5045,Z65,Z75,1,Z92,Z101,4,Z123,59,Z143,Z152,1,Z173,1,Z192,Z201,1
Z11,18,Z34,Z42,2124,Z61,Z73,4,Z92,Z101,4,Z121,24,Z143,Z151,2,Z173,1,Z191,Z201,2
Z11,12,Z32,Z43,2214,Z61,Z73,4,Z93,Z101,3,Z122,24,Z143,Z152,1,Z172,1,Z191,Z201,1
Z14,21,Z34,Z40,12680,Z65,Z75,4,Z93,Z101,4,Z124,30,Z143,Z153,1,Z174,1,Z192,Z201,2
Z14,24,Z34,Z40,2463,Z62,Z74,4,Z94,Z101,3,Z122,27,Z143,Z152,2,Z173,1,Z192,Z201,1
Z12,12,Z32,Z43,1155,Z61,Z75,3,Z94,Z103,3,Z121,40,Z141,Z152,2,Z172,1,Z191,Z201,1
Z11,30,Z32,Z42,3108,Z61,Z72,2,Z91,Z101,4,Z122,31,Z143,Z152,1,Z172,1,Z191,Z201,2
Z14,10,Z32,Z41,2901,Z65,Z72,1,Z92,Z101,4,Z121,31,Z143,Z151,1,Z173,1,Z191,Z201,1
Z12,12,Z34,Z42,3617,Z61,Z75,1,Z93,Z101,4,Z123,28,Z143,Z151,3,Z173,1,Z192,Z201,1
Z14,12,Z34,Z43,1655,Z61,Z75,2,Z93,Z101,4,Z121,63,Z143,Z152,2,Z172,1,Z192,Z201,1
Z11,24,Z32,Z41,2812,Z65,Z75,2,Z92,Z101,4,Z121,26,Z143,Z151,1,Z173,1,Z191,Z201,1
Z11,36,Z34,Z46,8065,Z61,Z73,3,Z92,Z101,2,Z124,25,Z143,Z152,2,Z174,1,Z192,Z201,2
Z14,21,Z34,Z41,3275,Z61,Z75,1,Z93,Z101,4,Z123,36,Z143,Z152,1,Z174,1,Z192,Z201,1
Z14,24,Z34,Z43,2223,Z62,Z75,4,Z93,Z101,4,Z122,52,Z141,Z152,2,Z173,1,Z191,Z201,1
Z13,12,Z34,Z40,1480,Z63,Z71,2,Z93,Z101,4,Z124,66,Z141,Z153,3,Z171,1,Z191,Z201,1
Z11,24,Z32,Z40,1371,Z65,Z73,4,Z92,Z101,4,Z121,25,Z143,Z151,1,Z173,1,Z191,Z201,2
Z14,36,Z34,Z40,3535,Z61,Z74,4,Z93,Z101,4,Z123,37,Z143,Z152,2,Z173,1,Z192,Z201,1
Z11,18,Z32,Z43,3509,Z61,Z74,4,Z92,Z103,1,Z121,25,Z143,Z152,1,Z173,1,Z191,Z201,1
Z14,36,Z34,Z41,5711,Z64,Z75,4,Z93,Z101,2,Z123,38,Z143,Z152,2,Z174,1,Z192,Z201,1
Z12,18,Z32,Z45,3872,Z61,Z71,2,Z92,Z101,4,Z123,67,Z143,Z152,1,Z173,1,Z192,Z201,1
Z12,39,Z34,Z43,4933,Z61,Z74,2,Z93,Z103,2,Z121,25,Z143,Z152,2,Z173,1,Z191,Z201,2
Z14,24,Z34,Z40,1940,Z64,Z75,4,Z93,Z101,4,Z121,60,Z143,Z152,1,Z173,1,Z192,Z201,1
Z12,12,Z30,Z48,1410,Z61,Z73,2,Z93,Z101,2,Z121,31,Z143,Z152,1,Z172,1,Z192,Z201,1
Z12,12,Z32,Z40,836,Z62,Z72,4,Z92,Z101,2,Z122,23,Z141,Z152,1,Z172,1,Z191,Z201,2
Z12,20,Z32,Z41,6468,Z65,Z71,1,Z91,Z101,4,Z121,60,Z143,Z152,1,Z174,1,Z192,Z201,1
Z12,18,Z32,Z49,1941,Z64,Z73,4,Z93,Z101,2,Z122,35,Z143,Z152,1,Z172,1,Z192,Z201,1
Z14,22,Z32,Z43,2675,Z63,Z75,3,Z93,Z101,4,Z123,40,Z143,Z152,1,Z173,1,Z191,Z201,1
Z14,48,Z34,Z41,2751,Z65,Z75,4,Z93,Z101,3,Z123,38,Z143,Z152,2,Z173,2,Z192,Z201,1
Z12,48,Z33,Z46,6224,Z61,Z75,4,Z93,Z101,4,Z124,50,Z143,Z153,1,Z173,1,Z191,Z201,2
Z11,40,Z34,Z46,5998,Z61,Z73,4,Z93,Z101,3,Z124,27,Z141,Z152,1,Z173,1,Z192,Z201,2
Z12,21,Z32,Z49,1188,Z61,Z75,2,Z92,Z101,4,Z122,39,Z143,Z152,1,Z173,2,Z191,Z201,2
Z14,24,Z32,Z41,6313,Z65,Z75,3,Z93,Z101,4,Z123,41,Z143,Z152,1,Z174,2,Z192,Z201,1
Z14,6,Z34,Z42,1221,Z65,Z73,1,Z94,Z101,2,Z122,27,Z143,Z152,2,Z173,1,Z191,Z201,1
Z13,24,Z32,Z42,2892,Z61,Z75,3,Z91,Z101,4,Z124,51,Z143,Z153,1,Z173,1,Z191,Z201,1
Z14,24,Z32,Z42,3062,Z63,Z75,4,Z93,Z101,3,Z124,32,Z143,Z151,1,Z173,1,Z192,Z201,1
Z14,9,Z32,Z42,2301,Z62,Z72,2,Z92,Z101,4,Z122,22,Z143,Z151,1,Z173,1,Z191,Z201,1
Z11,18,Z32,Z41,7511,Z65,Z75,1,Z93,Z101,4,Z122,51,Z143,Z153,1,Z173,2,Z192,Z201,2
Z14,12,Z34,Z42,1258,Z61,Z72,2,Z92,Z101,4,Z122,22,Z143,Z151,2,Z172,1,Z191,Z201,1
Z14,24,Z33,Z40,717,Z65,Z75,4,Z94,Z101,4,Z123,54,Z143,Z152,2,Z173,1,Z192,Z201,1
Z12,9,Z32,Z40,1549,Z65,Z72,4,Z93,Z101,2,Z121,35,Z143,Z152,1,Z171,1,Z191,Z201,1
Z14,24,Z34,Z46,1597,Z61,Z75,4,Z93,Z101,4,Z124,54,Z143,Z153,2,Z173,2,Z191,Z201,1
Z12,18,Z34,Z43,1795,Z61,Z75,3,Z92,Z103,4,Z121,48,Z141,Z151,2,Z172,1,Z192,Z201,1
Z11,20,Z34,Z42,4272,Z61,Z75,1,Z92,Z101,4,Z122,24,Z143,Z152,2,Z173,1,Z191,Z201,1
Z14,12,Z34,Z43,976,Z65,Z75,4,Z93,Z101,4,Z123,35,Z143,Z152,2,Z173,1,Z191,Z201,1
Z12,12,Z32,Z40,7472,Z65,Z71,1,Z92,Z101,2,Z121,24,Z143,Z151,1,Z171,1,Z191,Z201,1
Z11,36,Z32,Z40,9271,Z61,Z74,2,Z93,Z101,1,Z123,24,Z143,Z152,1,Z173,1,Z192,Z201,2
Z12,6,Z32,Z43,590,Z61,Z72,3,Z94,Z101,3,Z121,26,Z143,Z152,1,Z172,1,Z191,Z202,1
Z14,12,Z34,Z43,930,Z65,Z75,4,Z93,Z101,4,Z121,65,Z143,Z152,4,Z173,1,Z191,Z201,1
Z12,42,Z31,Z41,9283,Z61,Z71,1,Z93,Z101,2,Z124,55,Z141,Z153,1,Z174,1,Z192,Z201,1
Z12,15,Z30,Z40,1778,Z61,Z72,2,Z92,Z101,1,Z121,26,Z143,Z151,2,Z171,1,Z191,Z201,2
Z12,8,Z32,Z49,907,Z61,Z72,3,Z94,Z101,2,Z121,26,Z143,Z152,1,Z173,1,Z192,Z201,1
Z12,6,Z32,Z43,484,Z61,Z74,3,Z94,Z103,3,Z121,28,Z141,Z152,1,Z172,1,Z191,Z201,1
Z11,36,Z34,Z41,9629,Z61,Z74,4,Z93,Z101,4,Z123,24,Z143,Z152,2,Z173,1,Z192,Z201,2
Z11,48,Z32,Z44,3051,Z61,Z73,3,Z93,Z101,4,Z123,54,Z143,Z152,1,Z173,1,Z191,Z201,2
Z11,48,Z32,Z40,3931,Z61,Z74,4,Z93,Z101,4,Z124,46,Z143,Z153,1,Z173,2,Z191,Z201,2
Z12,36,Z33,Z40,7432,Z61,Z73,2,Z92,Z101,2,Z122,54,Z143,Z151,1,Z173,1,Z191,Z201,1
Z14,6,Z32,Z44,1338,Z63,Z73,1,Z91,Z101,4,Z121,62,Z143,Z152,1,Z173,1,Z191,Z201,1
Z14,6,Z34,Z43,1554,Z61,Z74,1,Z92,Z101,2,Z123,24,Z143,Z151,2,Z173,1,Z192,Z201,1
Z11,36,Z32,Z410,15857,Z61,Z71,2,Z91,Z102,3,Z123,43,Z143,Z152,1,Z174,1,Z191,Z201,1
Z11,18,Z32,Z43,1345,Z61,Z73,4,Z94,Z101,3,Z121,26,Z141,Z152,1,Z173,1,Z191,Z201,2
Z14,12,Z32,Z40,1101,Z61,Z73,3,Z94,Z101,2,Z121,27,Z143,Z152,2,Z173,1,Z192,Z201,1
Z13,12,Z32,Z43,3016,Z61,Z73,3,Z94,Z101,1,Z123,24,Z143,Z152,1,Z173,1,Z191,Z201,1
Z11,36,Z32,Z42,2712,Z61,Z75,2,Z93,Z101,2,Z122,41,Z141,Z152,1,Z173,2,Z191,Z201,2
Z11,8,Z34,Z40,731,Z61,Z75,4,Z93,Z101,4,Z121,47,Z143,Z152,2,Z172,1,Z191,Z201,1
Z14,18,Z34,Z42,3780,Z61,Z72,3,Z91,Z101,2,Z123,35,Z143,Z152,2,Z174,1,Z192,Z201,1
Z11,21,Z34,Z40,1602,Z61,Z75,4,Z94,Z101,3,Z123,30,Z143,Z152,2,Z173,1,Z192,Z201,1
Z11,18,Z34,Z40,3966,Z61,Z75,1,Z92,Z101,4,Z121,33,Z141,Z151,3,Z173,1,Z192,Z201,2
Z14,18,Z30,Z49,4165,Z61,Z73,2,Z93,Z101,2,Z123,36,Z142,Z152,2,Z173,2,Z191,Z201,2
Z11,36,Z32,Z41,8335,Z65,Z75,3,Z93,Z101,4,Z124,47,Z143,Z153,1,Z173,1,Z191,Z201,2
Z12,48,Z33,Z49,6681,Z65,Z73,4,Z93,Z101,4,Z124,38,Z143,Z153,1,Z173,2,Z192,Z201,1
Z14,24,Z33,Z49,2375,Z63,Z73,4,Z93,Z101,2,Z123,44,Z143,Z152,2,Z173,2,Z192,Z201,1
Z11,18,Z32,Z40,1216,Z61,Z72,4,Z92,Z101,3,Z123,23,Z143,Z151,1,Z173,1,Z192,Z201,2
Z11,45,Z30,Z49,11816,Z61,Z75,2,Z93,Z101,4,Z123,29,Z143,Z151,2,Z173,1,Z191,Z201,2
Z12,24,Z32,Z43,5084,Z65,Z75,2,Z92,Z101,4,Z123,42,Z143,Z152,1,Z173,1,Z192,Z201,1
Z13,15,Z32,Z43,2327,Z61,Z72,2,Z92,Z101,3,Z121,25,Z143,Z152,1,Z172,1,Z191,Z201,2
Z11,12,Z30,Z40,1082,Z61,Z73,4,Z93,Z101,4,Z123,48,Z141,Z152,2,Z173,1,Z191,Z201,2
Z14,12,Z32,Z43,886,Z65,Z73,4,Z92,Z101,2,Z123,21,Z143,Z152,1,Z173,1,Z191,Z201,1
Z14,4,Z32,Z42,601,Z61,Z72,1,Z92,Z101,3,Z121,23,Z143,Z151,1,Z172,2,Z191,Z201,1
Z11,24,Z34,Z41,2957,Z61,Z75,4,Z93,Z101,4,Z122,63,Z143,Z152,2,Z173,1,Z192,Z201,1
Z14,24,Z34,Z43,2611,Z61,Z75,4,Z94,Z102,3,Z121,46,Z143,Z152,2,Z173,1,Z191,Z201,1
Z11,36,Z32,Z42,5179,Z61,Z74,4,Z93,Z101,2,Z122,29,Z143,Z152,1,Z173,1,Z191,Z201,2
Z14,21,Z33,Z41,2993,Z61,Z73,3,Z93,Z101,2,Z121,28,Z142,Z152,2,Z172,1,Z191,Z201,1
Z14,18,Z32,Z45,1943,Z61,Z72,4,Z92,Z101,4,Z121,23,Z143,Z152,1,Z173,1,Z191,Z201,2
Z14,24,Z31,Z49,1559,Z61,Z74,4,Z93,Z101,4,Z123,50,Z141,Z152,1,Z173,1,Z192,Z201,1
Z14,18,Z32,Z42,3422,Z61,Z75,4,Z93,Z101,4,Z122,47,Z141,Z152,3,Z173,2,Z192,Z201,1
Z12,21,Z32,Z42,3976,Z65,Z74,2,Z93,Z101,3,Z123,35,Z143,Z152,1,Z173,1,Z192,Z201,1
Z14,18,Z32,Z40,6761,Z65,Z73,2,Z93,Z101,4,Z123,68,Z143,Z151,2,Z173,1,Z191,Z201,2
Z14,24,Z32,Z40,1249,Z61,Z72,4,Z94,Z101,2,Z121,28,Z143,Z152,1,Z173,1,Z191,Z201,1
Z11,9,Z32,Z43,1364,Z61,Z74,3,Z93,Z101,4,Z121,59,Z143,Z152,1,Z173,1,Z191,Z201,1
Z11,12,Z32,Z43,709,Z61,Z75,4,Z93,Z101,4,Z121,57,Z142,Z152,1,Z172,1,Z191,Z201,2
Z11,20,Z34,Z40,2235,Z61,Z73,4,Z94,Z103,2,Z122,33,Z141,Z151,2,Z173,1,Z191,Z202,2
Z14,24,Z34,Z41,4042,Z65,Z74,3,Z93,Z101,4,Z122,43,Z143,Z152,2,Z173,1,Z192,Z201,1
Z14,15,Z34,Z43,1471,Z61,Z73,4,Z93,Z101,4,Z124,35,Z143,Z153,2,Z173,1,Z192,Z201,1
Z11,18,Z31,Z40,1442,Z61,Z74,4,Z93,Z101,4,Z124,32,Z143,Z153,2,Z172,2,Z191,Z201,2
Z14,36,Z33,Z40,10875,Z61,Z75,2,Z93,Z101,2,Z123,45,Z143,Z152,2,Z173,2,Z192,Z201,1
Z14,24,Z32,Z40,1474,Z62,Z72,4,Z94,Z101,3,Z121,33,Z143,Z152,1,Z173,1,Z192,Z201,1
Z14,10,Z32,Z48,894,Z65,Z74,4,Z92,Z101,3,Z122,40,Z143,Z152,1,Z173,1,Z192,Z201,1
Z14,15,Z34,Z42,3343,Z61,Z73,4,Z93,Z101,2,Z124,28,Z143,Z153,1,Z173,1,Z192,Z201,1
Z11,15,Z32,Z40,3959,Z61,Z73,3,Z92,Z101,2,Z122,29,Z143,Z152,1,Z173,1,Z192,Z201,2
Z14,9,Z32,Z40,3577,Z62,Z73,1,Z93,Z103,2,Z121,26,Z143,Z151,1,Z173,2,Z191,Z202,1
Z14,24,Z34,Z41,5804,Z64,Z73,4,Z93,Z101,2,Z121,27,Z143,Z152,2,Z173,1,Z191,Z201,1
Z14,18,Z33,Z49,2169,Z61,Z73,4,Z94,Z101,2,Z123,28,Z143,Z152,1,Z173,1,Z192,Z201,2
Z11,24,Z32,Z43,2439,Z61,Z72,4,Z92,Z101,4,Z121,35,Z143,Z152,1,Z173,1,Z192,Z201,2
Z14,27,Z34,Z42,4526,Z64,Z72,4,Z93,Z101,2,Z121,32,Z142,Z152,2,Z172,2,Z192,Z201,1
Z14,10,Z32,Z42,2210,Z61,Z73,2,Z93,Z101,2,Z121,25,Z141,Z151,1,Z172,1,Z191,Z201,2
Z14,15,Z32,Z42,2221,Z63,Z73,2,Z92,Z101,4,Z123,20,Z143,Z151,1,Z173,1,Z191,Z201,1
Z11,18,Z32,Z43,2389,Z61,Z72,4,Z92,Z101,1,Z123,27,Z142,Z152,1,Z173,1,Z191,Z201,1
Z14,12,Z34,Z42,3331,Z61,Z75,2,Z93,Z101,4,Z122,42,Z142,Z152,1,Z173,1,Z191,Z201,1
Z14,36,Z32,Z49,7409,Z65,Z75,3,Z93,Z101,2,Z122,37,Z143,Z152,2,Z173,1,Z191,Z201,1
Z11,12,Z32,Z42,652,Z61,Z75,4,Z92,Z101,4,Z122,24,Z143,Z151,1,Z173,1,Z191,Z201,1
Z14,36,Z33,Z42,7678,Z63,Z74,2,Z92,Z101,4,Z123,40,Z143,Z152,2,Z173,1,Z192,Z201,1
Z13,6,Z34,Z40,1343,Z61,Z75,1,Z93,Z101,4,Z121,46,Z143,Z152,2,Z173,2,Z191,Z202,1
Z11,24,Z34,Z49,1382,Z62,Z74,4,Z93,Z101,1,Z121,26,Z143,Z152,2,Z173,1,Z192,Z201,1
Z14,15,Z32,Z44,874,Z65,Z72,4,Z92,Z101,1,Z121,24,Z143,Z152,1,Z173,1,Z191,Z201,1
Z11,12,Z32,Z42,3590,Z61,Z73,2,Z93,Z102,2,Z122,29,Z143,Z152,1,Z172,2,Z191,Z201,1
Z12,11,Z34,Z40,1322,Z64,Z73,4,Z92,Z101,4,Z123,40,Z143,Z152,2,Z173,1,Z191,Z201,1
Z11,18,Z31,Z43,1940,Z61,Z72,3,Z93,Z102,4,Z124,36,Z141,Z153,1,Z174,1,Z192,Z201,1
Z14,36,Z32,Z43,3595,Z61,Z75,4,Z93,Z101,2,Z123,28,Z143,Z152,1,Z173,1,Z191,Z201,1
Z11,9,Z32,Z40,1422,Z61,Z72,3,Z93,Z101,2,Z124,27,Z143,Z153,1,Z174,1,Z192,Z201,2
Z14,30,Z34,Z43,6742,Z65,Z74,2,Z93,Z101,3,Z122,36,Z143,Z152,2,Z173,1,Z191,Z201,1
Z14,24,Z32,Z41,7814,Z61,Z74,3,Z93,Z101,3,Z123,38,Z143,Z152,1,Z174,1,Z192,Z201,1
Z14,24,Z32,Z41,9277,Z65,Z73,2,Z91,Z101,4,Z124,48,Z143,Z153,1,Z173,1,Z192,Z201,1
Z12,30,Z34,Z40,2181,Z65,Z75,4,Z93,Z101,4,Z121,36,Z143,Z152,2,Z173,1,Z191,Z201,1
Z14,18,Z34,Z43,1098,Z61,Z71,4,Z92,Z101,4,Z123,65,Z143,Z152,2,Z171,1,Z191,Z201,1
Z12,24,Z32,Z42,4057,Z61,Z74,3,Z91,Z101,3,Z123,43,Z143,Z152,1,Z173,1,Z192,Z201,2
Z11,12,Z32,Z46,795,Z61,Z72,4,Z92,Z101,4,Z122,53,Z143,Z152,1,Z173,1,Z191,Z201,2
Z12,24,Z34,Z49,2825,Z65,Z74,4,Z93,Z101,3,Z124,34,Z143,Z152,2,Z173,2,Z192,Z201,1
Z12,48,Z32,Z49,15672,Z61,Z73,2,Z93,Z101,2,Z123,23,Z143,Z152,1,Z173,1,Z192,Z201,2
Z14,36,Z34,Z40,6614,Z61,Z75,4,Z93,Z101,4,Z123,34,Z143,Z152,2,Z174,1,Z192,Z201,1
Z14,28,Z31,Z41,7824,Z65,Z72,3,Z93,Z103,4,Z121,40,Z141,Z151,2,Z173,2,Z192,Z201,1
Z11,27,Z34,Z49,2442,Z61,Z75,4,Z93,Z101,4,Z123,43,Z142,Z152,4,Z174,2,Z192,Z201,1
Z14,15,Z34,Z43,1829,Z61,Z75,4,Z93,Z101,4,Z123,46,Z143,Z152,2,Z173,1,Z192,Z201,1
Z11,12,Z34,Z40,2171,Z61,Z73,4,Z93,Z101,4,Z122,38,Z141,Z152,2,Z172,1,Z191,Z202,1
Z12,36,Z34,Z41,5800,Z61,Z73,3,Z93,Z101,4,Z123,34,Z143,Z152,2,Z173,1,Z192,Z201,1
Z14,18,Z34,Z43,1169,Z65,Z73,4,Z93,Z101,3,Z122,29,Z143,Z152,2,Z173,1,Z192,Z201,1
Z14,36,Z33,Z41,8947,Z65,Z74,3,Z93,Z101,2,Z123,31,Z142,Z152,1,Z174,2,Z192,Z201,1
Z11,21,Z32,Z43,2606,Z61,Z72,4,Z92,Z101,4,Z122,28,Z143,Z151,1,Z174,1,Z192,Z201,1
Z14,12,Z34,Z42,1592,Z64,Z74,3,Z92,Z101,2,Z122,35,Z143,Z152,1,Z173,1,Z191,Z202,1
Z14,15,Z32,Z42,2186,Z65,Z74,1,Z92,Z101,4,Z121,33,Z141,Z151,1,Z172,1,Z191,Z201,1
Z11,18,Z32,Z42,4153,Z61,Z73,2,Z93,Z102,3,Z123,42,Z143,Z152,1,Z173,1,Z191,Z201,2
Z11,16,Z34,Z40,2625,Z61,Z75,2,Z93,Z103,4,Z122,43,Z141,Z151,1,Z173,1,Z192,Z201,2
Z14,20,Z34,Z40,3485,Z65,Z72,2,Z91,Z101,4,Z121,44,Z143,Z152,2,Z173,1,Z192,Z201,1
Z14,36,Z34,Z41,10477,Z65,Z75,2,Z93,Z101,4,Z124,42,Z143,Z153,2,Z173,1,Z191,Z201,1
Z14,15,Z32,Z43,1386,Z65,Z73,4,Z94,Z101,2,Z121,40,Z143,Z151,1,Z173,1,Z192,Z201,1
Z14,24,Z32,Z43,1278,Z61,Z75,4,Z93,Z101,1,Z121,36,Z143,Z152,1,Z174,1,Z192,Z201,1
Z11,12,Z32,Z43,1107,Z61,Z73,2,Z93,Z101,2,Z121,20,Z143,Z151,1,Z174,2,Z192,Z201,1
Z11,21,Z32,Z40,3763,Z65,Z74,2,Z93,Z102,2,Z121,24,Z143,Z152,1,Z172,1,Z191,Z202,1
Z12,36,Z32,Z46,3711,Z65,Z73,2,Z94,Z101,2,Z123,27,Z143,Z152,1,Z173,1,Z191,Z201,1
Z14,15,Z33,Z41,3594,Z61,Z72,1,Z92,Z101,2,Z122,46,Z143,Z152,2,Z172,1,Z191,Z201,1
Z12,9,Z32,Z40,3195,Z65,Z73,1,Z92,Z101,2,Z121,33,Z143,Z152,1,Z172,1,Z191,Z201,1
Z14,36,Z33,Z43,4454,Z61,Z73,4,Z92,Z101,4,Z121,34,Z143,Z152,2,Z173,1,Z191,Z201,1
Z12,24,Z34,Z42,4736,Z61,Z72,2,Z92,Z101,4,Z123,25,Z141,Z152,1,Z172,1,Z191,Z201,2
Z12,30,Z32,Z43,2991,Z65,Z75,2,Z92,Z101,4,Z123,25,Z143,Z152,1,Z173,1,Z191,Z201,1
Z14,11,Z32,Z49,2142,Z64,Z75,1,Z91,Z101,2,Z121,28,Z143,Z152,1,Z173,1,Z192,Z201,1
Z11,24,Z31,Z49,3161,Z61,Z73,4,Z93,Z101,2,Z122,31,Z143,Z151,1,Z173,1,Z192,Z201,2
Z12,48,Z30,Z410,18424,Z61,Z73,1,Z92,Z101,2,Z122,32,Z141,Z152,1,Z174,1,Z192,Z202,2
Z14,10,Z32,Z41,2848,Z62,Z73,1,Z93,Z102,2,Z121,32,Z143,Z152,1,Z173,2,Z191,Z201,1
Z11,6,Z32,Z40,14896,Z61,Z75,1,Z93,Z101,4,Z124,68,Z141,Z152,1,Z174,1,Z192,Z201,2
Z11,24,Z32,Z42,2359,Z62,Z71,1,Z91,Z101,1,Z122,33,Z143,Z152,1,Z173,1,Z191,Z201,2
Z11,24,Z32,Z42,3345,Z61,Z75,4,Z93,Z101,2,Z122,39,Z143,Z151,1,Z174,1,Z192,Z201,2
Z14,18,Z34,Z42,1817,Z61,Z73,4,Z92,Z101,2,Z124,28,Z143,Z152,2,Z173,1,Z191,Z201,1
Z14,48,Z33,Z43,12749,Z63,Z74,4,Z93,Z101,1,Z123,37,Z143,Z152,1,Z174,1,Z192,Z201,1
Z11,9,Z32,Z43,1366,Z61,Z72,3,Z92,Z101,4,Z122,22,Z143,Z151,1,Z173,1,Z191,Z201,2
Z12,12,Z32,Z40,2002,Z61,Z74,3,Z93,Z101,4,Z122,30,Z143,Z151,1,Z173,2,Z192,Z201,1
Z11,24,Z31,Z42,6872,Z61,Z72,2,Z91,Z101,1,Z122,55,Z141,Z152,1,Z173,1,Z192,Z201,2
Z11,12,Z31,Z40,697,Z61,Z72,4,Z93,Z101,2,Z123,46,Z141,Z152,2,Z173,1,Z192,Z201,2
Z11,18,Z34,Z42,1049,Z61,Z72,4,Z92,Z101,4,Z122,21,Z143,Z151,1,Z173,1,Z191,Z201,1
Z11,48,Z32,Z41,10297,Z61,Z74,4,Z93,Z101,4,Z124,39,Z142,Z153,3,Z173,2,Z192,Z201,2
Z14,30,Z32,Z43,1867,Z65,Z75,4,Z93,Z101,4,Z123,58,Z143,Z152,1,Z173,1,Z192,Z201,1
Z11,12,Z33,Z40,1344,Z61,Z73,4,Z93,Z101,2,Z121,43,Z143,Z152,2,Z172,2,Z191,Z201,1
Z11,24,Z32,Z42,1747,Z61,Z72,4,Z93,Z102,1,Z122,24,Z143,Z152,1,Z172,1,Z191,Z202,1
Z12,9,Z32,Z43,1670,Z61,Z72,4,Z92,Z101,2,Z123,22,Z143,Z152,1,Z173,1,Z192,Z201,2
Z14,9,Z34,Z40,1224,Z61,Z73,3,Z93,Z101,1,Z121,30,Z143,Z152,2,Z173,1,Z191,Z201,1
Z14,12,Z34,Z43,522,Z63,Z75,4,Z93,Z101,4,Z122,42,Z143,Z152,2,Z173,2,Z192,Z201,1
Z11,12,Z32,Z43,1498,Z61,Z73,4,Z92,Z101,1,Z123,23,Z141,Z152,1,Z173,1,Z191,Z201,1
Z12,30,Z33,Z43,1919,Z62,Z72,4,Z93,Z101,3,Z124,30,Z142,Z152,2,Z174,1,Z191,Z201,2
Z13,9,Z32,Z43,745,Z61,Z73,3,Z92,Z101,2,Z121,28,Z143,Z152,1,Z172,1,Z191,Z201,2
Z12,6,Z32,Z43,2063,Z61,Z72,4,Z94,Z101,3,Z123,30,Z143,Z151,1,Z174,1,Z192,Z201,1
Z12,60,Z32,Z46,6288,Z61,Z73,4,Z93,Z101,4,Z124,42,Z143,Z153,1,Z173,1,Z191,Z201,2
Z14,24,Z34,Z41,6842,Z65,Z73,2,Z93,Z101,4,Z122,46,Z143,Z152,2,Z174,2,Z192,Z201,1
Z14,12,Z32,Z40,3527,Z65,Z72,2,Z93,Z101,3,Z122,45,Z143,Z152,1,Z174,2,Z192,Z201,1
Z14,10,Z32,Z40,1546,Z61,Z73,3,Z93,Z101,2,Z121,31,Z143,Z152,1,Z172,2,Z191,Z202,1
Z14,24,Z32,Z42,929,Z65,Z74,4,Z93,Z101,2,Z123,31,Z142,Z152,1,Z173,1,Z192,Z201,1
Z14,4,Z34,Z40,1455,Z61,Z74,2,Z93,Z101,1,Z121,42,Z143,Z152,3,Z172,2,Z191,Z201,1
Z11,15,Z32,Z42,1845,Z61,Z72,4,Z92,Z103,1,Z122,46,Z143,Z151,1,Z173,1,Z191,Z201,1
Z12,48,Z30,Z40,8358,Z63,Z72,1,Z92,Z101,1,Z123,30,Z143,Z152,2,Z173,1,Z191,Z201,1
Z11,24,Z31,Z42,3349,Z63,Z72,4,Z93,Z101,4,Z124,30,Z143,Z153,1,Z173,2,Z192,Z201,2
Z14,12,Z32,Z40,2859,Z65,Z71,4,Z93,Z101,4,Z124,38,Z143,Z152,1,Z174,1,Z192,Z201,1
Z14,18,Z32,Z42,1533,Z61,Z72,4,Z94,Z102,1,Z122,43,Z143,Z152,1,Z172,2,Z191,Z201,2
Z14,24,Z32,Z43,3621,Z62,Z75,2,Z93,Z101,4,Z123,31,Z143,Z152,2,Z173,1,Z191,Z201,2
Z12,18,Z34,Z49,3590,Z61,Z71,3,Z94,Z101,3,Z123,40,Z143,Z152,3,Z171,2,Z192,Z201,1
Z11,36,Z33,Z49,2145,Z61,Z74,2,Z93,Z101,1,Z123,24,Z143,Z152,2,Z173,1,Z192,Z201,2
Z12,24,Z32,Z41,4113,Z63,Z72,3,Z92,Z101,4,Z123,28,Z143,Z151,1,Z173,1,Z191,Z201,2
Z14,36,Z32,Z42,10974,Z61,Z71,4,Z92,Z101,2,Z123,26,Z143,Z152,2,Z174,1,Z192,Z201,2
Z11,12,Z32,Z40,1893,Z61,Z73,4,Z92,Z103,4,Z122,29,Z143,Z152,1,Z173,1,Z192,Z201,1
Z11,24,Z34,Z43,1231,Z64,Z75,4,Z92,Z101,4,Z122,57,Z143,Z151,2,Z174,1,Z192,Z201,1
Z13,30,Z34,Z43,3656,Z65,Z75,4,Z93,Z101,4,Z122,49,Z142,Z152,2,Z172,1,Z191,Z201,1
Z12,9,Z34,Z43,1154,Z61,Z75,2,Z93,Z101,4,Z121,37,Z143,Z152,3,Z172,1,Z191,Z201,1
Z11,28,Z32,Z40,4006,Z61,Z73,3,Z93,Z101,2,Z123,45,Z143,Z152,1,Z172,1,Z191,Z201,2
Z12,24,Z32,Z42,3069,Z62,Z75,4,Z93,Z101,4,Z124,30,Z143,Z153,1,Z173,1,Z191,Z201,1
Z14,6,Z34,Z43,1740,Z61,Z75,2,Z94,Z101,2,Z121,30,Z143,Z151,2,Z173,1,Z191,Z201,1
Z12,21,Z33,Z40,2353,Z61,Z73,1,Z91,Z101,4,Z122,47,Z143,Z152,2,Z173,1,Z191,Z201,1
Z14,15,Z32,Z40,3556,Z65,Z73,3,Z93,Z101,2,Z124,29,Z143,Z152,1,Z173,1,Z191,Z201,1
Z14,24,Z32,Z43,2397,Z63,Z75,3,Z93,Z101,2,Z123,35,Z141,Z152,2,Z173,1,Z192,Z201,2
Z12,6,Z32,Z45,454,Z61,Z72,3,Z94,Z101,1,Z122,22,Z143,Z152,1,Z172,1,Z191,Z201,1
Z12,30,Z32,Z43,1715,Z65,Z73,4,Z92,Z101,1,Z123,26,Z143,Z152,1,Z173,1,Z191,Z201,1
Z12,27,Z34,Z43,2520,Z63,Z73,4,Z93,Z101,2,Z122,23,Z143,Z152,2,Z172,1,Z191,Z201,2
Z14,15,Z32,Z43,3568,Z61,Z75,4,Z92,Z101,2,Z123,54,Z141,Z151,1,Z174,1,Z192,Z201,1
Z14,42,Z32,Z43,7166,Z65,Z74,2,Z94,Z101,4,Z122,29,Z143,Z151,1,Z173,1,Z192,Z201,1
Z11,11,Z34,Z40,3939,Z61,Z73,1,Z93,Z101,2,Z121,40,Z143,Z152,2,Z172,2,Z191,Z201,1
Z12,15,Z32,Z45,1514,Z62,Z73,4,Z93,Z103,2,Z121,22,Z143,Z152,1,Z173,1,Z191,Z201,1
Z14,24,Z32,Z40,7393,Z61,Z73,1,Z93,Z101,4,Z122,43,Z143,Z152,1,Z172,2,Z191,Z201,1
Z11,24,Z31,Z40,1193,Z61,Z71,1,Z92,Z102,4,Z124,29,Z143,Z151,2,Z171,1,Z191,Z201,2
Z11,60,Z32,Z49,7297,Z61,Z75,4,Z93,Z102,4,Z124,36,Z143,Z151,1,Z173,1,Z191,Z201,2
Z14,30,Z34,Z43,2831,Z61,Z73,4,Z92,Z101,2,Z123,33,Z143,Z152,1,Z173,1,Z192,Z201,1
Z13,24,Z32,Z43,1258,Z63,Z73,3,Z92,Z101,3,Z123,57,Z143,Z152,1,Z172,1,Z191,Z201,1
Z12,6,Z32,Z43,753,Z61,Z73,2,Z92,Z103,3,Z121,64,Z143,Z152,1,Z173,1,Z191,Z201,1
Z12,18,Z33,Z49,2427,Z65,Z75,4,Z93,Z101,2,Z122,42,Z143,Z152,2,Z173,1,Z191,Z201,1
Z14,24,Z33,Z40,2538,Z61,Z75,4,Z93,Z101,4,Z123,47,Z143,Z152,2,Z172,2,Z191,Z201,2
Z12,15,Z31,Z40,1264,Z62,Z73,2,Z94,Z101,2,Z122,25,Z143,Z151,1,Z173,1,Z191,Z201,2
Z12,30,Z34,Z42,8386,Z61,Z74,2,Z93,Z101,2,Z122,49,Z143,Z152,1,Z173,1,Z191,Z201,2
Z14,48,Z32,Z49,4844,Z61,Z71,3,Z93,Z101,2,Z123,33,Z141,Z151,1,Z174,1,Z192,Z201,2
Z13,21,Z32,Z40,2923,Z62,Z73,1,Z92,Z101,1,Z123,28,Z141,Z152,1,Z174,1,Z192,Z201,1
Z11,36,Z32,Z41,8229,Z61,Z73,2,Z93,Z101,2,Z122,26,Z143,Z152,1,Z173,2,Z191,Z201,2
Z14,24,Z34,Z42,2028,Z61,Z74,2,Z93,Z101,2,Z122,30,Z143,Z152,2,Z172,1,Z191,Z201,1
Z11,15,Z34,Z42,1433,Z61,Z73,4,Z92,Z101,3,Z122,25,Z143,Z151,2,Z173,1,Z191,Z201,1
Z13,42,Z30,Z49,6289,Z61,Z72,2,Z91,Z101,1,Z122,33,Z143,Z152,2,Z173,1,Z191,Z201,1
Z14,13,Z32,Z43,1409,Z62,Z71,2,Z92,Z101,4,Z121,64,Z143,Z152,1,Z173,1,Z191,Z201,1
Z11,24,Z32,Z41,6579,Z61,Z71,4,Z93,Z101,2,Z124,29,Z143,Z153,1,Z174,1,Z192,Z201,1
Z12,24,Z34,Z43,1743,Z61,Z75,4,Z93,Z101,2,Z122,48,Z143,Z152,2,Z172,1,Z191,Z201,1
Z14,12,Z34,Z46,3565,Z65,Z72,2,Z93,Z101,1,Z122,37,Z143,Z152,2,Z172,2,Z191,Z201,1
Z14,15,Z31,Z43,1569,Z62,Z75,4,Z93,Z101,4,Z123,34,Z141,Z152,1,Z172,2,Z191,Z201,1
Z11,18,Z32,Z43,1936,Z65,Z74,2,Z94,Z101,4,Z123,23,Z143,Z151,2,Z172,1,Z191,Z201,1
Z11,36,Z32,Z42,3959,Z61,Z71,4,Z93,Z101,3,Z122,30,Z143,Z152,1,Z174,1,Z192,Z201,1
Z14,12,Z32,Z40,2390,Z65,Z75,4,Z93,Z101,3,Z123,50,Z143,Z152,1,Z173,1,Z192,Z201,1
Z14,12,Z32,Z42,1736,Z61,Z74,3,Z92,Z101,4,Z121,31,Z143,Z152,1,Z172,1,Z191,Z201,1
Z11,30,Z32,Z41,3857,Z61,Z73,4,Z91,Z101,4,Z122,40,Z143,Z152,1,Z174,1,Z192,Z201,1
Z14,12,Z32,Z43,804,Z61,Z75,4,Z93,Z101,4,Z123,38,Z143,Z152,1,Z173,1,Z191,Z201,1
Z11,45,Z32,Z43,1845,Z61,Z73,4,Z93,Z101,4,Z124,23,Z143,Z153,1,Z173,1,Z192,Z201,2
Z12,45,Z34,Z41,4576,Z62,Z71,3,Z93,Z101,4,Z123,27,Z143,Z152,1,Z173,1,Z191,Z201,1